{
"device_name": "arm",
"kernel_name": "bootstrap_hyperparamtuning_kernel",
"tune_params_keys": [
"max_fevals",
"dummy_param"
],
"tune_params": {
"max_fevals": [
220
],
"dummy_param": [
0,
1,
2,
3,
4
]
},
"cache": {
"220,0": {"max_fevals": 220, "dummy_param": 0, "time": 0.010763080857859389, "times": [0.009974378593874162, 0.009996978749567254, 0.020758327232770907, 0.008234863394057214, 0.01473259822207216, 0.014321954638886013, 0.005406009313399944, 0.007729653858143719, 0.009170942810101603, 0.015636939208901992, 0.008074429075334599, 0.004969904258872685, 0.016931325160459684, 0.008480863698922838, 0.012017686407808542, 0.007787363949899213, 0.010006618389895224, 0.01842769250144402, 0.020195902077851418, 0.008661969033201183, 0.010408625504053118, 0.011007830957980282, 0.019271961027589997, 0.009284258810171973, 0.010879835926786532, 0.014545479014102322, 0.0070052550573874274, 0.0034024301902273436, 0.010383599430359824, 0.005562855455180828, 0.018421328019782808, 0.0010036576446136403, 0.008088993379270328, 0.008891747851066913, 0.007033571181040935], "strategy_time": 60.2722231536, "warnings": {"AvoidedLossSurgeWarning": 69.14285714285714, "NumericalWarning": 23.62857142857143, "NotPSDTrainingWarning": 0.11428571428571428, "NaNTrainingWarning": 0.22857142857142856, "NotPSDPredictionWarning": 0.11428571428571428, "NaNPredictionWarning": 0.22857142857142856, "ResetModelWarning": 0.8, "MultipleMinimaWarning": 0.0}},
"220,1": {"max_fevals": 220, "dummy_param": 1, "time": 0.014722091724940116, "times": [0.002963672807504912, 0.007863795554610867, 0.018994149438267344, 0.026044179242804586, 0.02035847630046569, 0.016258614491688073, 0.005104967325060196, 0.013338526193577088, 0.00822747019122362, 0.01763419706321388, 0.013678416655030072, 0.006757281724837525, 0.005246391801621686, 0.008305201553802538, 0.00634739839813368, 0.012176637209080287, 0.009468265192393573, 0.01188614017455253, 0.02582817023900898, 0.025020289920059845, 0.022626910298988303, 0.031800352356598956, 0.016149875494563887, 0.0023295025702130116, 0.03631056589152547, 0.011058128816236563, 0.0037118157103145453, 0.015282737431539012, 0.004413485811697507, 0.007968200005296522, 0.012303216498256704, 0.036883606042507004, 0.011912761684721806, 0.02223626437170778, 0.0187835459118], "strategy_time": 64.86176393231428, "warnings": {"AvoidedLossSurgeWarning": 67.08571428571429, "NumericalWarning": 7.257142857142857, "NotPSDTrainingWarning": 0.05714285714285714, "NaNTrainingWarning": 0.6857142857142857, "NotPSDPredictionWarning": 0.05714285714285714, "NaNPredictionWarning": 0.6857142857142857, "ResetModelWarning": 1.1714285714285715, "MultipleMinimaWarning": 0.0}},
"220,2": {"max_fevals": 220, "dummy_param": 2, "time": 0.011457788156191412, "times": [0.018348841494083407, 0.01799030431767283, 0.01120935402277922, 0.010544804858900664, 0.011337131518175532, 0.0046193339044061175, 0.015475222445362731, 0.005092047048394111, 0.02464800778648681, 0.009912499539066968, 0.011554193625331778, 0.010755315741211085, 0.021383837616860562, 0.007194317916741297, 0.009644036826278624, 0.013269458488931601, 0.013055586131201037, 0.01709634321484949, 0.0028929302331316717, 0.01128555346910215, 0.015266830647788257, 0.0036445877814769638, 0.010528602966516693, 0.007823817905788259, 0.020881783608083168, 0.006195454484048602, 0.00591949441976751, 0.011673079798499658, 0.01433203526986204, 0.010126986252677371, 0.007994610894804896, 0.006039129119187178, 0.011349047530201021, 0.012017631338101973, 0.009920373250928188], "strategy_time": 61.955932673857156, "warnings": {"AvoidedLossSurgeWarning": 83.85714285714286, "NumericalWarning": 18.65714285714286, "NotPSDTrainingWarning": 0.08571428571428572, "NaNTrainingWarning": 0.7714285714285715, "NotPSDPredictionWarning": 0.08571428571428572, "NaNPredictionWarning": 0.7714285714285715, "ResetModelWarning": 1.6857142857142857, "MultipleMinimaWarning": 0.0}},
"220,3": {"max_fevals": 220, "dummy_param": 3, "time": 0.013205416391746097, "times": [0.008266206637012415, 0.0029942099681375908, 0.01785059813427169, 0.010501606544733158, 0.01881485426047595, 0.006860235106854087, 0.014814346615206109, 0.020768754141750938, 0.008410147922747614, 0.01765824378914517, 0.017120101244441206, 0.007790969917653388, 0.0013659379154157168, 0.022364409811831246, 0.019655295150714683, 0.01935762525246739, 0.008020658653462805, 0.011450308081397263, 0.008875014206211673, 0.014609465691534705, 0.00630109594081621, 0.02171440322889152, 0.013581369984122002, 0.018575858538883473, 0.030562994941422228, 0.005211259266489785, 0.007501545587913783, 0.025569937907407043, 0.014111654692265732, 0.011362341206478374, 0.02010694529916315, 0.0040142982920417175, 0.010250070966552985, 0.005412446600523165, 0.010364362212677454], "strategy_time": 64.59912459048572, "warnings": {"AvoidedLossSurgeWarning": 74.31428571428572, "NumericalWarning": 20.771428571428572, "NotPSDTrainingWarning": 0.08571428571428572, "NaNTrainingWarning": 1.0571428571428572, "NotPSDPredictionWarning": 0.05714285714285714, "NaNPredictionWarning": 1.0285714285714285, "ResetModelWarning": 2.2, "MultipleMinimaWarning": 0.0}},
"220,4": {"max_fevals": 220, "dummy_param": 4, "time": 0.015728213349600183, "times": [0.011138377880804538, 0.011636577077160508, 0.02364293533341447, 0.008967349380148433, 0.011387327471095226, 0.015187985052299442, 0.014918620640450304, 0.033493143454259376, 0.006347922820865878, 0.02760779562690888, 0.024510144417821872, 0.008002587707780258, 0.0038578248126700907, 0.011721913947277016, 0.009223411221289677, 0.004980976981459941, 0.010747568034176999, 0.005969777938328137, 0.01713026530598197, 0.01482371631085933, 0.010384878747659016, 0.015380783687300482, 0.002801133526684964, 0.07000978576203598, 0.018313738582202865, 0.013573164689077438, 0.021018092508042974, 0.007591538232878568, 0.008114519746903972, 0.03167063772803267, 0.016726228283279247, 0.008746525825423885, 0.02461034204838906, 0.014484529187457839, 0.011765347265585133], "strategy_time": 63.68759418919999, "warnings": {"AvoidedLossSurgeWarning": 87.71428571428571, "NumericalWarning": 27.0, "NotPSDTrainingWarning": 0.11428571428571428, "NaNTrainingWarning": 0.8857142857142857, "NotPSDPredictionWarning": 0.11428571428571428, "NaNPredictionWarning": 0.9142857142857143, "ResetModelWarning": 1.457142857142857, "MultipleMinimaWarning": 0.0}}}
}