{
"device_name": "arm",
"kernel_name": "bootstrap_hyperparamtuning_kernel",
"tune_params_keys": [
"max_fevals",
"precision",
"minimum_std"
],
"tune_params": {
"max_fevals": [
220
],
"precision": [
"float",
"double"
],
"minimum_std": [
0.001,
1e-05,
1e-06,
1e-07,
1e-09
]
},
"cache": {
"220,float,0.001": {"max_fevals": 220, "precision": "float", "minimum_std": 0.001, "time": 0.0025772356121933626, "times": [0.03119236244672026, 0.006944128702883951, 0.008608844387641265, 0.004100574338827279, 0.002443109566892403, 0.002626147109611798, 0.007204732908670449, 0.00918572451715382, 0.01247519077178339, 0.021020437646837604, 0.0033280778884690106, 0.005522736870451875, 0.013862453827652575, 0.0029952099794113107, 0.00555007370749723, 0.0035236835351534403, 0.017561960734221154, 0.006101602732618549, 0.00609116069233732, 0.002469604863221885, 0.004304282241824616, 0.007397226995008998, 0.020457012274827924, 0.005763055388245665, 0.010383124664184373, 0.003266699550294175, 0.004461056781148921, 0.001976537555160765, 0.005267263126367889, 0.0011778115501519758, 0.005705891503315081, 0.003508050825429477, 0.011501283034238299, 0.0026418221538799976, 0.003998643650594282, 0.026148974058887418, 0.008551417035233745, 0.011336106279690046, 0.014941519998668119, 0.020494665388521988, 0.001972301198719915, 0.006392985735930429, 0.004156218462855091, 0.006546514608628008, 0.005932208741338228, 0.0345957212259349, 0.0020098187798724136, 0.0013957035144182655, 0.005365638132296887, 0.00585176758850742, 0.0028128977742809193, 0.010144159738150506, 0.0017326808075446164, 0.003245575755031493, 0.005770266781272193, 0.0028219859258273917], "strategy_time": 18.264259691124998, "warnings": {"AvoidedLossSurgeWarning": 157.51785714285714, "NumericalWarning": 0.6607142857142857, "NotPSDTrainingWarning": 0.14285714285714285, "NaNTrainingWarning": 7.910714285714286, "NotPSDPredictionWarning": 0.17857142857142858, "NaNPredictionWarning": 7.892857142857143, "ResetModelWarning": 76.55357142857143, "MultipleMinimaWarning": 0.48214285714285715, "AlreadyEvaluatedConflict": 0.0}},
"220,float,1e-05": {"max_fevals": 220, "precision": "float", "minimum_std": 1e-05, "time": 0.0029453465037602524, "times": [0.015624568111972312, 0.025613831720915345, 0.007244408243847693, 0.002260295866349815, 0.0024983577296836894, 0.001573743547682206, 0.010829348720897053, 0.004231972180521172, 0.007065478502633682, 0.003179438658235735, 0.027611194430579206, 0.01461581121897356, 0.018438731180100598, 0.0035625412712570995, 0.0019842137033838345, 0.00586110152059537, 0.002469604863221885, 0.003248690735798062, 0.007142788229065178, 0.0023829333672192254, 0.006474675863320419, 0.016165030515751286, 0.008844306940959052, 0.007713741954821728, 0.004411129977568091, 0.0033462175373126977, 0.00490919852811044, 0.001715497450232524, 0.01293482966242146, 0.011497037666955742, 0.005657343473136646, 0.020153734319627904, 0.0030039389685503665, 0.01446734189090891, 0.01992182012583989, 0.013575888884147085, 0.013618005541333267, 0.00341153642936251, 0.006645696922410543, 0.004947398401131128, 0.0038374462051369673, 0.004420072632285773, 0.0030443859954412933, 0.003928640423380213, 0.015474401206717418, 0.004143929184394531, 0.003564966922633403, 0.0034106892109567015, 0.011454379571242068, 0.0031412517856792034, 0.0029173120461258965, 0.003957503083262031, 0.01566407246519085, 0.0032832407633492096, 0.005293902288769611, 0.007119271467893335], "strategy_time": 17.86049474842857, "warnings": {"AvoidedLossSurgeWarning": 128.83928571428572, "NumericalWarning": 0.23214285714285715, "NotPSDTrainingWarning": 0.017857142857142856, "NaNTrainingWarning": 6.0, "NotPSDPredictionWarning": 0.03571428571428571, "NaNPredictionWarning": 5.875, "ResetModelWarning": 68.44642857142857, "MultipleMinimaWarning": 0.35714285714285715, "AlreadyEvaluatedConflict": 0.0}},
"220,float,1e-06": {"max_fevals": 220, "precision": "float", "minimum_std": 1e-06, "time": 0.0026828479873293007, "times": [0.0028940918859654257, 0.01547844045132165, 0.004241206142804046, 0.00720163131130927, 0.007886973521347963, 0.003999661185370461, 0.0032633585977286275, 0.007680205058222564, 0.006588509068484727, 0.0019994855756581115, 0.0025828446345146747, 0.005735643700516689, 0.004327224626312705, 0.0046314856138046845, 0.009186560661524339, 0.0012907811837567348, 0.004417190875756258, 0.007660485171113988, 0.0033739967313999343, 0.002527314927857157, 0.004176755788827142, 0.0015513154636922905, 0.005659076004785975, 0.011992563530683871, 0.007363161885682657, 0.007666351639356701, 0.006356035665872409, 0.006284556214526875, 0.006129784907229092, 0.002142758962976706, 0.005763948543969367, 0.012625757656552728, 0.001086746881970396, 0.01221953837258827, 0.005977693872060513, 0.013418683670093594, 0.0016332377980502718, 0.0021984778074360186, 0.0030411736225591135, 0.014782654773438486, 0.00401237037322244, 0.011254177193062131, 0.002882178792561921, 0.0032831149371956715, 0.004307430659613063, 0.009366777524236087, 0.0030151746597502885, 0.0043725253565028216, 0.007120616970996568, 0.004254608765593132, 0.002826031684340174, 0.009755888905941914, 0.005766060636810716, 0.0027011222230841586, 0.005945398919011057, 0.003271775511904386], "strategy_time": 16.91109943219643, "warnings": {"AvoidedLossSurgeWarning": 121.75, "NumericalWarning": 0.3392857142857143, "NotPSDTrainingWarning": 0.05357142857142857, "NaNTrainingWarning": 5.142857142857143, "NotPSDPredictionWarning": 0.07142857142857142, "NaNPredictionWarning": 5.125, "ResetModelWarning": 50.57142857142857, "MultipleMinimaWarning": 0.16071428571428573, "AlreadyEvaluatedConflict": 0.0}},
"220,float,1e-07": {"max_fevals": 220, "precision": "float", "minimum_std": 1e-07, "time": 0.0029782556391927764, "times": [0.014919621185052594, 0.0032494929429785564, 0.005111737909375926, 0.013148124038133287, 0.0031555606037317833, 0.0009628427521693805, 0.010828667963398845, 0.006416289351229607, 0.0027293001540806103, 0.005509469317809326, 0.012346702113808042, 0.005943239101792722, 0.0035502324380456743, 0.003554267574498022, 0.020022878272049793, 0.006725207933125487, 0.010669583503009906, 0.007296101077318228, 0.005702785849902868, 0.003926565357309183, 0.007643445216176589, 0.0026536715579040943, 0.015682850233501067, 0.003899251215393322, 0.0036470274271383912, 0.003425933323899037, 0.013134563651370694, 0.005209747842056276, 0.005714256185087959, 0.01482394255171743, 0.005787413361898037, 0.002850491289814683, 0.003115957587136936, 0.004007059471954748, 0.0033533187696082336, 0.004108545277557244, 0.00241771905341956, 0.007729555996337901, 0.005266015331892921, 0.02826846746623458, 0.003597956490704178, 0.002057283220516751, 0.01693115862863106, 0.004166666666666667, 0.0022919666186743456, 0.015274958634745156, 0.0028186061255668763, 0.010132579394629403, 0.0030852359728975385, 0.011900131114941906, 0.004658288311651379, 0.004530197422811994, 0.0161719463002876, 0.0021445457615670385, 0.00706673666257241, 0.005820157602704711], "strategy_time": 17.94765287880357, "warnings": {"AvoidedLossSurgeWarning": 143.53571428571428, "NumericalWarning": 0.23214285714285715, "NotPSDTrainingWarning": 0.0, "NaNTrainingWarning": 6.660714285714286, "NotPSDPredictionWarning": 0.03571428571428571, "NaNPredictionWarning": 6.660714285714286, "ResetModelWarning": 77.5, "MultipleMinimaWarning": 0.05357142857142857, "AlreadyEvaluatedConflict": 0.0}},
"220,float,1e-09": {"max_fevals": 220, "precision": "float", "minimum_std": 1e-09, "time": 0.0028279292128632672,