{
"device_name": "arm",
"kernel_name": "bootstrap_hyperparamtuning_kernel",
"tune_params_keys": [
"max_fevals",
"precision",
"minimum_std"
],
"tune_params": {
"max_fevals": [
220
],
"precision": [
"float",
"double"
],
"minimum_std": [
0.001,
1e-05,
1e-06,
1e-07,
1e-09
]
},
"cache": {
"220,float,0.001": {"max_fevals": 220, "precision": "float", "minimum_std": 0.001, "time": 0.004596580709792151, "times": [0.007498715327502632, 0.012216508240658104, 0.0356165037345391, 0.009501115003896846, 0.015717160793831026, 0.013082574455250169, 0.0063635830546641846, 0.008172330479334104, 0.005831150957229222, 0.0028660617507476915, 0.0051730725088886655, 0.017714994242473848, 0.009026257553177456, 0.013774761470234579, 0.008672179717037288, 0.004422478843533076, 0.014185133887349955, 0.0026901754949112556, 0.007239387289010533, 0.005839065288387578, 0.13161787523877902, 0.007559317575349674, 0.004906855138763421, 0.1074657739722543, 0.024753745797986615, 0.06034756926740511, 0.004305082424887157, 0.002884572172672826, 0.007779010085015102, 0.01462495453880571, 0.0028125738828452397, 0.004800687799719781, 0.015548476823792845, 0.025080653596644537, 0.014081821861050307], "strategy_time": 21.329617046514286, "warnings": {"AvoidedLossSurgeWarning": 391.9428571428571, "NumericalWarning": 35.0, "NotPSDTrainingWarning": 0.37142857142857144, "NaNTrainingWarning": 1.4285714285714286, "NotPSDPredictionWarning": 0.37142857142857144, "NaNPredictionWarning": 1.4285714285714286, "ResetModelWarning": 6.6, "MultipleMinimaWarning": 3.7714285714285714, "AlreadyEvaluatedConflict": 0.0}},
"220,float,1e-05": {"max_fevals": 220, "precision": "float", "minimum_std": 1e-05, "time": 0.0029252514710065448, "times": [0.05714075221648746, 0.005357500438289528, 0.004525839278033345, 0.003976022122667463, 0.015902959538229716, 0.016428430555953423, 0.020911451087912595, 0.03471636119982067, 0.0016755740134210108, 0.004421169805813526, 0.010056176831234657, 0.007246135334865945, 0.020702672914020195, 0.007011251392728354, 0.008553130115031385, 0.010389601196889362, 0.007337008559783194, 0.033278540930527144, 0.019824612438113152, 0.005862388433689718, 0.006950693245644304, 0.00028695231982474816, 0.008224384699918274, 0.004473946181927394, 0.0022855202432428387, 0.0017410791165074688, 0.024352779535155022, 0.004744873978019172, 0.002976190476190476, 0.0053283068520549965, 0.0029716824255487545, 0.006352985911460271, 0.0016691054443306755, 0.005135865476144612, 0.016713969666320133], "strategy_time": 20.062212739285712, "warnings": {"AvoidedLossSurgeWarning": 385.45714285714286, "NumericalWarning": 35.05714285714286, "NotPSDTrainingWarning": 0.42857142857142855, "NaNTrainingWarning": 1.6571428571428573, "NotPSDPredictionWarning": 0.42857142857142855, "NaNPredictionWarning": 1.6571428571428573, "ResetModelWarning": 5.457142857142857, "MultipleMinimaWarning": 0.6571428571428571, "AlreadyEvaluatedConflict": 0.0}},
"220,float,1e-06": {"max_fevals": 220, "precision": "float", "minimum_std": 1e-06, "time": 0.0027948793054976273, "times": [0.016412202500256812, 0.0025032217150852787, 0.0027143453688712326, 0.0019905294685014143, 0.018613028249351467, 0.008276571532791465, 0.0102700234629126, 0.0013020655241236998, 0.02579676762920756, 0.044966089823226564, 0.003927143250800194, 0.004164020699038461, 0.004312380194607459, 0.007888860589323253, 0.0025896645626078806, 0.0014459385388021471, 0.00954599187935881, 0.009702834398567376, 0.012970798749053382, 0.008683358969993357, 0.004185518261878842, 0.013078871960570962, 0.011052669938717894, 0.006008560920607683, 0.012226976453800442, 0.038757920308688666, 0.03910584832742551, 0.0013183082032258917, 0.011326170281922539, 0.01383676607753801, 0.012140565949181906, 0.011649522236763842, 0.009458076256780896, 0.0033239408453625504, 0.013705133581438782], "strategy_time": 19.683732771400003, "warnings": {"AvoidedLossSurgeWarning": 393.6857142857143, "NumericalWarning": 46.91428571428571, "NotPSDTrainingWarning": 0.22857142857142856, "NaNTrainingWarning": 3.3714285714285714, "NotPSDPredictionWarning": 0.22857142857142856, "NaNPredictionWarning": 3.3714285714285714, "ResetModelWarning": 6.6571428571428575, "MultipleMinimaWarning": 3.4, "AlreadyEvaluatedConflict": 0.0}},
"220,float,1e-07": {"max_fevals": 220, "precision": "float", "minimum_std": 1e-07, "time": 0.0029766118873888457, "times": [0.007284917032386644, 0.008992926094130457, 0.037921759888506386, 0.013576292351813323, 0.004873939634653459, 0.00982652717085734, 0.010950490614816934, 0.013816102250706444, 0.0038495146189841977, 0.005043832426429602, 0.010635447097580316, 0.004125536855554535, 0.006211730255834261, 0.007873862527846805, 0.006597574259187381, 0.002494068016764158, 0.005512714581956999, 0.0029942928429696866, 0.0045462898951687146, 0.016424035280202757, 0.004996678424781929, 0.11367459528924401, 0.004195676801906988, 0.012699802297068838, 0.002980347705770585, 0.008863153555330135, 0.003229483282674772, 0.016816148355893266, 0.11161164616269985, 0.005243299773657724, 0.00550553271838873, 0.009104270445681987, 0.006940222897669705, 0.019790485881046403, 0.0125519219430431], "strategy_time": 19.431864095028573, "warnings": {"AvoidedLossSurgeWarning": 378.42857142857144, "NumericalWarning": 24.714285714285715, "NotPSDTrainingWarning": 0.05714285714285714, "NaNTrainingWarning": 2.085714285714286, "NotPSDPredictionWarning": 0.05714285714285714, "NaNPredictionWarning": 2.085714285714286, "ResetModelWarning": 4.857142857142857, "MultipleMinimaWarning": 3.5714285714285716, "AlreadyEvaluatedConflict": 0.0}},
"220,float,1e-09": {"max_fevals": 220, "precision": "float", "minimum_std": 1e-09, "time": 0.003226167226499555, "times": [0.002504706857579439, 0.022073094160990434, 0.07522875714809908, 0.021514051019981547, 0.021995869636378593, 0.04487122622690578, 0.010646787547955791, 0.022982565702964138, 0.005636596687426943, 0.009943528758855142, 0.005749327359188737, 0.005543972255311315, 0.020331795999491763, 0.0031260787747644583, 0.02607376100084115, 0.003304135593619181, 0.00014384832929655232, 0.005383514226394718, 0.0010476170127162179, 0.04146400786504694, 0.004607691786834517, 0.0014507024684322582, 0.013419456069076291, 0.016094445240003554, 0.01068142827136103, 0.014062150148991056, 0.014639147475454159, 0.019159342016034725, 0.0107381316837848, 0.015591397932403555, 0.013495820073935775, 0.0018190392542981153, 0.0004692230644026323, 0.022075125859617916, 0.015909153173748938], "strategy_time": 20.053247642800002, "warnings": {"AvoidedLossSurgeWarning": 398.0857142857143, "NumericalWarning": 36.82857142857143, "NotPSDTrainingWarning": 0.34285714285714286, "NaNTrainingWarning": 2.5142857142857142, "NotPSDPredictionWarning": 0.34285714285714286, "NaNPredictionWarning": 2.5142857142857142, "ResetModelWarning": 6.485714285714286, "MultipleMinimaWarning": 0.7142857142857143, "AlreadyEvaluatedConflict": 0.0}},
"220,double,0.001": {"max_fevals": 220, "precision": "double", "minimum_std": 0.001, "time": 0.004416348068989774, "times": [0.00948715567051912, 0.012947060070831073, 0.009360034489179754, 0.08447460003949715, 0.008711673349203782, 0.02038985712355003, 0.014248784330491251, 0.009007528486135126, 0.010517879932732026, 0.01630019403091548, 0.016773011892333926, 0.140990966147124, 0.002127414124766992, 0.012407985482556708, 0.0059369418676443395, 0.005690977638111908, 0.05347011144883485, 0.010541087481882183, 0.005660848775222919, 0.0035111014316904833, 0.0026336078625080806, 0.006031410113611049, 0.005482798152461574, 0.007831691211660741, 0.0036726427088806194, 0.004812631620901055, 0.1286655763033971, 0.04136818070391613, 0.0021719759411895742, 0.001723169931858399, 0.00675707676245485, 0.007962831141130645, 0.0036254387516371344, 0.016435205092485125, 0.005498251938755038], "strategy_time": 30.673783176199997, "warnings": {"AvoidedLossSurgeWarning": 409.42857142857144, "NumericalWarning": 0.0, "NotPSDTrainingWarning": 0.0, "NaNTrainingWarning": 0.4, "NotPSDPredictionWarning": 0.0,