{
"device_name": "arm",
"kernel_name": "bootstrap_hyperparamtuning_kernel",
"tune_params_keys": [
"max_fevals",
"initialsamplemethod",
"initialsamplerandomoffsetfactor",
"method",
"methodparams",
"covariancekernel",
"covariancelengthscale",
"optimizer",
"optimizer_learningrate",
"initial_training_iter",
"training_iter"
],
"tune_params": {
"max_fevals": [
220
],
"initialsamplemethod": [
"lhs",
"index"
],
"initialsamplerandomoffsetfactor": [
0.01,
0.05,
0.1,
0.2,
0.3
],
"method": [
"ei",
"poi"
],
"methodparams": [
{
"explorationfactor": 0.005
},
{
"explorationfactor": 0.01
},
{
"explorationfactor": 0.05
},
{
"explorationfactor": 0.1
}
],
"covariancekernel": [
"matern",
"matern_scalekernel"
],
"covariancelengthscale": [
0.5,
1.5,
2.5
],
"optimizer": [
"LBFGS",
"Adam"
],
"optimizer_learningrate": [
0.01,
0.05,
0.1
],
"initial_training_iter": [
5,
10,
25,
50
],
"training_iter": [
0,
1,
3
]
},
"cache": {
"220,lhs,0.01,ei,{'explorationfactor': 0.005},matern,0.5,LBFGS,0.1,10,0": {"max_fevals": 220, "initialsamplemethod": "lhs", "initialsamplerandomoffsetfactor": 0.01, "method": "ei", "methodparams": {"explorationfactor": 0.005}, "covariancekernel": "matern", "covariancelengthscale": 0.5, "optimizer": "LBFGS", "optimizer_learningrate": 0.1, "initial_training_iter": 10, "training_iter": 0, "time": 0.02110492177559402, "times": [0.023580540667052934, 0.025320115348987732, 0.03149457868673338, 0.03319733916402959, 0.03829881449714856, 0.022045859594650833, 0.016852720981682126, 0.013261175409708587, 0.006781342206447368, 0.022472235202109263, 0.020304710490553518, 0.016833901412084722, 0.013277653111136928, 0.020614820046727007, 0.014372133849936838, 0.0639605235953205, 0.014707373300087949, 0.010310423993981722, 0.013255219243929925, 0.012732071688233612, 0.012185601720072945, 0.04394813878315546, 0.03988555123956073, 0.026651017222601575, 0.011829669946411188, 0.025408856552991698, 0.022420628455207137, 0.021952052465786406, 0.010575310763736287, 0.018799496596753302, 0.006588511563693912, 0.008090645343413113, 0.021937153303432724, 0.016921018247166072, 0.017805057451264993], "strategy_time": 61.23963898339999},
"220,lhs,0.05,ei,{'explorationfactor': 0.005},matern,0.5,LBFGS,0.01,25,3": {"max_fevals": 220, "initialsamplemethod": "lhs", "initialsamplerandomoffsetfactor": 0.05, "method": "ei", "methodparams": {"explorationfactor": 0.005}, "covariancekernel": "matern", "covariancelengthscale": 0.5, "optimizer": "LBFGS", "optimizer_learningrate": 0.01, "initial_training_iter": 25, "training_iter": 3, "time": 0.018071424576879873, "times": [0.01047608357842865, 0.012100523381725925, 0.014646310889471886, 0.02590947212822119, 0.03457165391484262, 0.020651735529780627, 0.01723979077064465, 0.03833585318897153, 0.017822461515494634, 0.02051351696149352, 0.026851834667989224, 0.017189127803745135, 0.016023311912429786, 0.009679454300608353, 0.014438106866796996, 0.013954606809983802, 0.029945783173921686, 0.011297149723477012, 0.012073151157720037, 0.01270425552986054, 0.0245674556549203, 0.007096515102814238, 0.009310019867096309, 0.01743767790348154, 0.020605889716049642, 0.01814773278434423, 0.012467984963013842, 0.025300941937545562, 0.017486359251325787, 0.016457440941545075, 0.014784549494695714, 0.024705638928838702, 0.013079192581749992, 0.01710645978359271, 0.017521817474174094], "strategy_time": 100.2222606417143},
"220,lhs,0.05,ei,{'explorationfactor': 0.01},matern,0.5,LBFGS,0.1,25,0": {"max_fevals": 220, "initialsamplemethod": "lhs", "initialsamplerandomoffsetfactor": 0.05, "method": "ei", "methodparams": {"explorationfactor": 0.01}, "covariancekernel": "matern", "covariancelengthscale": 0.5, "optimizer": "LBFGS", "optimizer_learningrate": 0.1, "initial_training_iter": 25, "training_iter": 0, "time": 0.018112394614076124, "times": [0.039290954629094425, 0.024130561927581045, 0.011577880763516181, 0.013853893327746307, 0.01191067270673081, 0.03417343606201778, 0.012977466568008378, 0.02394336259283227, 0.006434767367849037, 0.004913297708514277, 0.015656784156890594, 0.029266892165203142, 0.017216552627746105, 0.015106915628781315, 0.0077110870412268025, 0.01620284929918225, 0.017405268172536275, 0.034457318240213704, 0.016378083466625126, 0.010581897534074297, 0.021373521338562584, 0.008691971450055387, 0.027405573820390734, 0.02011886245144485, 0.01550492944658533, 0.00726390349935746, 0.013038354765404202, 0.011316738303166811, 0.02608387397744444, 0.03210811558515098, 0.01663162009757739, 0.041785154611945596, 0.007849967771748517, 0.016074191783040783, 0.005497090604419173], "strategy_time": 65.68670437268571},
"220,lhs,0.05,ei,{'explorationfactor': 0.01},matern,1.5,LBFGS,0.1,10,3": {"max_fevals": 220, "initialsamplemethod": "lhs", "initialsamplerandomoffsetfactor": 0.05, "method": "ei", "methodparams": {"explorationfactor": 0.01}, "covariancekernel": "matern", "covariancelengthscale": 1.5, "optimizer": "LBFGS", "optimizer_learningrate": 0.1, "initial_training_iter": 10, "training_iter": 3, "time": 0.015158788219943155, "times": [0.015688737363904352, 0.016626491402856245, 0.014878024962409647, 0.01609014597202473, 0.02559210107250788, 0.010961407993401548, 0.01051868731732035, 0.006312551685422868, 0.015901061870378378, 0.00587980207563955, 0.01719394115278205, 0.023840029642850844, 0.007681911841321475, 0.012922523487280499, 0.01643872740248602, 0.012654003530984392, 0.005116262425304738, 0.018537151969686118, 0.018705055206617853, 0.01032171046404578, 0.01262781655012253, 0.020104826779000395, 0.005105287392474328, 0.017006902175385363, 0.010280077945466357, 0.0037008049837685404, 0.03883261269687121, 0.012326456229658967, 0.02365462181455877, 0.013394418075470068, 0.015019675467340302, 0.0379055647870774, 0.016779960883855867, 0.008757587577669998, 0.013200645500064999], "strategy_time": 66.12937315602858},
"220,lhs,0.1,ei,{'explorationfactor': 0.01},matern,1.5,Adam,0.01,10,0": {"max_fevals": 220, "initialsamplemethod": "lhs", "initialsamplerandomoffsetfactor": 0.1, "method": "ei", "methodparams": {"explorationfactor": 0.01}, "covariancekernel": "matern", "covariancelengthscale": 1.5, "optimizer": "Adam", "optimizer_learningrate": 0.01, "initial_training_iter": 10, "training_iter": 0, "time": 0.01483702875229999, "times": [0.006488984398011266, 0.006233603627817293, 0.0123158202393785, 0.013533120697315352, 0.010064323095919056, 0.011862506171531263, 0.018284462647349512, 0.027281197083848827, 0.02388480694042613, 0.008455938141002853, 0.0185809684853216, 0.011727397573314225, 0.014599771189166527, 0.015559096956686419, 0.01169461308917421, 0.0068429046330439, 0.014513216116071717, 0.03174950210889209, 0.009820335762795255, 0.010870754262222651, 0.03729320732716524, 0.007139086555885257, 0.017217696932071046, 0.004129818415137654, 0.01087139549471427, 0.006596002494837318, 0.023044443642113426, 0.013038199797093692, 0.014904404618017161, 0.03441450581087541, 0.015605566156557523, 0.00988347223495617, 0.010845036229933484, 0.017683008863351737, 0.012266838538501619], "strategy_time": 97.0354956452286},
"220,index,0.1,poi,{'explorationfactor': 0.05},matern_scalekernel,1.5,Adam,0.1,5,1": {"max_fevals": 220, "initialsamplemethod": "index", "initialsamplerandomoffsetfactor": 0.1, "method": "poi", "methodparams": {"explorationfactor": 0.05}, "covariancekernel": "matern_scalekernel", "covariancelengthscale": 1.5, "optimizer": "Adam", "optimizer_learningrate": 0.1, "initial_training_iter": 5, "training_iter": 1, "time": 0.01428040051654684,