{
"device_name": "arm",
"kernel_name": "bootstrap_hyperparamtuning_kernel",
"tune_params_keys": [
"max_fevals",
"dummy_param"
],
"tune_params": {
"max_fevals": [
220
],
"dummy_param": [
0,
1,
2,
3,
4
]
},
"cache": {
"220,0": {"max_fevals": 220, "dummy_param": 0, "time": 0.015123962660822702, "times": [0.015115752793891407, 0.016603779116548603, 0.00917567575763211, 0.022123856851425584, 0.0030442741290643087, 0.02081707102427208, 0.01805069355535056, 0.012328896554987928, 0.01197589966886966, 0.00843638131159244, 0.011234373851079215, 0.010175062841237424, 0.014370897054912908, 0.007099332795494156, 0.005235390165119723, 0.0061749678403826965, 0.009237497154625235, 0.0251987394880198, 0.011381497012935135, 0.01760614004554828, 0.003822334501778077, 0.01970475917364552, 0.014101079329118096, 0.007235746928655604, 0.013726961847644532, 0.018879089345985256, 0.008696846147832745, 0.009011254603704985, 0.019920189370392607, 0.016640259060612787, 0.010647936567839552, 0.008263257314572952, 0.011578231929892394, 0.010779663054926884, 0.0162322905682278], "strategy_time": 67.8059043607143, "warnings": {"AvoidedLossSurgeWarning": 55.885714285714286, "NumericalWarning": 14.82857142857143, "NotPSDTrainingWarning": 0.05714285714285714, "NaNTrainingWarning": 0.5428571428571428, "NotPSDPredictionWarning": 0.05714285714285714, "NaNPredictionWarning": 0.5714285714285714, "ResetModelWarning": 0.9428571428571428, "MultipleMinimaWarning": 0.0}},
"220,1": {"max_fevals": 220, "dummy_param": 1, "time": 0.014049047048636574, "times": [0.010767252707988464, 0.017205066900656204, 0.00928314324819173, 0.015851422839132222, 0.005430073384192012, 0.015907537803615472, 0.004979734477019811, 0.003860094595807394, 0.00739783402793602, 0.016680857989596256, 0.008616484082872895, 0.021114435912658002, 0.008592992265746899, 0.018670391948141265, 0.009813366266167828, 0.010303306720394001, 0.005441537816793621, 0.021210046666037707, 0.013110757485331822, 0.015985167385750478, 0.0109648186433702, 0.01596573826022267, 0.008505507445136689, 0.021652756613787155, 0.015701029065872858, 0.011619085020432511, 0.02101864959933333, 0.009628238870237359, 0.011597695418662039, 0.01124548201561954, 0.01719432296240175, 0.015637564631884537, 0.037013625763456154, 0.02777323829297405, 0.00952091823816832], "strategy_time": 64.7587524894, "warnings": {"AvoidedLossSurgeWarning": 74.8, "NumericalWarning": 29.37142857142857, "NotPSDTrainingWarning": 0.05714285714285714, "NaNTrainingWarning": 0.45714285714285713, "NotPSDPredictionWarning": 0.05714285714285714, "NaNPredictionWarning": 0.45714285714285713, "ResetModelWarning": 1.0571428571428572, "MultipleMinimaWarning": 0.22857142857142856}},
"220,2": {"max_fevals": 220, "dummy_param": 2, "time": 0.011190068265694008, "times": [0.008007326206628425, 0.006210900225011604, 0.020777016331495687, 0.0033717526143883718, 0.022396672252587634, 0.005999854156757848, 0.006602232265055981, 0.013272387015223297, 0.011322177381069875, 0.024833859743896593, 0.005703269314598215, 0.012992235878079844, 0.030433923714305644, 0.014203507472002415, 0.0098088097201362, 0.011535003533106, 0.01129408862658609, 0.019480775103881815, 0.011088166109554536, 0.003983423190966929, 0.014443812426375447, 0.007903840534499202, 0.03282653715628559, 0.0077135211377131465, 0.004024532501126682, 0.00276882036327554, 0.01736497085661572, 0.014152250267095745, 0.013889879302933221, 0.004619245809541127, 0.008077234748261702, 0.010722360108159903, 0.014317376279503047, 0.01697669874587811, 0.014444414984997692], "strategy_time": 64.16322960242857, "warnings": {"AvoidedLossSurgeWarning": 72.22857142857143, "NumericalWarning": 6.085714285714285, "NotPSDTrainingWarning": 0.11428571428571428, "NaNTrainingWarning": 0.3142857142857143, "NotPSDPredictionWarning": 0.11428571428571428, "NaNPredictionWarning": 0.3142857142857143, "ResetModelWarning": 1.0857142857142856, "MultipleMinimaWarning": 0.0}},
"220,3": {"max_fevals": 220, "dummy_param": 3, "time": 0.015450511112216727, "times": [0.010334886955128438, 0.010638981079634749, 0.015712185662339655, 0.021249170054537896, 0.013282504267493172, 0.015050926728663622, 0.011735906144680735, 0.04348996118410822, 0.0255558008452272, 0.005407584174311209, 0.00814973923193043, 0.024580944798290896, 0.013604516903998456, 0.009086733037310403, 0.011451193644289764, 0.01621656952558516, 0.008732188923783085, 0.016319721143235096, 0.021260579007361783, 0.012965610957688006, 0.005646012512188455, 0.006730592162330135, 0.011303655862793879, 0.012100806327447339, 0.004788775641988632, 0.009975806556852918, 0.02684357999504025, 0.014678961476910848, 0.01963769127199754, 0.008629647083293253, 0.00891892689825377, 0.008624353858230219, 0.029832413530766915, 0.014754364611418824, 0.026095935178685605], "strategy_time": 64.24275060837142, "warnings": {"AvoidedLossSurgeWarning": 66.02857142857142, "NumericalWarning": 8.857142857142858, "NotPSDTrainingWarning": 0.02857142857142857, "NaNTrainingWarning": 0.2, "NotPSDPredictionWarning": 0.02857142857142857, "NaNPredictionWarning": 0.2, "ResetModelWarning": 0.5428571428571428, "MultipleMinimaWarning": 0.0}},