{
"device_name": "arm",
"kernel_name": "bootstrap_hyperparamtuning_kernel",
"tune_params_keys": [
"max_fevals",
"method",
"precision",
"minimum_std"
],
"tune_params": {
"max_fevals": [
220
],
"method": [
"ei"
],
"precision": [
"float",
"double"
],
"minimum_std": [
0.001,
1e-06,
1e-09,
1e-12
]
},
"cache": {
"220,ei,float,0.001": {"max_fevals": 220, "method": "ei", "precision": "float", "minimum_std": 0.001, "time": 0.014471487654338021, "times": [0.00340187377289697, 0.013279862890077697, 0.01538083212737873, 0.01174252853355609, 0.01760478660059474, 0.01287669041526329, 0.015198047183606343, 0.006847073633029915, 0.00866654293441402, 0.005479955801577519, 0.029087462939416497, 0.01373503833547581, 0.013922655117825066, 0.014027635341122202, 0.02066321378351033, 0.014952490312578013, 0.03285327251023306, 0.022414296154495836, 0.005262902561859353, 0.0054071303363557545, 0.011494709030344025, 0.02261399615982455, 0.011644022887758003, 0.015641498494690504, 0.027152556667744614, 0.01703090966352334, 0.009730996444141812, 0.029460937453306135, 0.012654988624659394, 0.009850079589042843, 0.005114302544286734, 0.010268004066127332, 0.013341518349778368, 0.006786860813968207, 0.020912395827367685], "strategy_time": 58.92947197745715, "warnings": {"AvoidedLossSurgeWarning": 59.857142857142854, "NumericalWarning": 5.371428571428571, "NotPSDTrainingWarning": 0.11428571428571428, "NaNTrainingWarning": 0.6285714285714286, "NotPSDPredictionWarning": 0.11428571428571428, "NaNPredictionWarning": 0.6285714285714286, "ResetModelWarning": 2.4857142857142858, "MultipleMinimaWarning": 0.0}},
"220,ei,float,1e-06": {"max_fevals": 220, "method": "ei", "precision": "float", "minimum_std": 1e-06, "time": 0.015498222949299964, "times": [0.009500554318364343, 0.045263409241591564, 0.004970879940657523, 0.011909102808765552, 0.008476012520898338, 0.008096468115664932, 0.009728535462849618, 0.008273956681703982, 0.01779504741971586, 0.02161151529597033, 0.023483822776810836, 0.01098238721645868, 0.011169169626795802, 0.021943664325644773, 0.007583575084417341, 0.010506359488731668, 0.024262328410152564, 0.03043040287587519, 0.018987645426849192, 0.01415951901678822, 0.008177879968094465, 0.008895453762186343, 0.029707996870706677, 0.009886384055079111, 0.017201887897000955, 0.012238700086935145, 0.012352155812849956, 0.028275391521042425, 0.01210510657169032, 0.022345999815260625, 0.019202281969547208, 0.010128529090753182, 0.012456243656785292, 0.018661271177974167, 0.001668164914886504], "strategy_time": 61.44064329045714, "warnings": {"AvoidedLossSurgeWarning": 59.114285714285714, "NumericalWarning": 10.714285714285714, "NotPSDTrainingWarning": 0.05714285714285714, "NaNTrainingWarning": 0.4857142857142857, "NotPSDPredictionWarning": 0.05714285714285714, "NaNPredictionWarning": 0.5142857142857142, "ResetModelWarning": 1.3142857142857143, "MultipleMinimaWarning": 0.0}},
"220,ei,float,1e-09": {"max_fevals": 220, "method": "ei", "precision": "float", "minimum_std": 1e-09, "time": 0.013694751176350259, "times": [0.009849278463999975, 0.02346280488032103, 0.01739745158062431, 0.00852624843559186, 0.00704427235343107, 0.004523845585125605, 0.011906405620427099, 0.017497465750118502, 0.015211825255289168, 0.013811415186741708, 0.003408423988920843, 0.0155813174597468, 0.02429572245941733, 0.031004058445804072, 0.007037344443542196, 0.0067852529042431555, 0.014302947800495973, 0.014226565448104906, 0.018186739450793337, 0.01931519719097526, 0.007931908889540215, 0.004912843532252613, 0.007805757028832488, 0.017773676145234743, 0.023702064095842856, 0.007166362025875619, 0.018467865715822686, 0.0030395605957477946, 0.02393233408823134, 0.007696082103890147, 0.018976164449996568, 0.006394078555462329, 0.015591738411760396, 0.010412142756224624, 0.022139130073830487], "strategy_time": 59.681301832142864, "warnings": {"AvoidedLossSurgeWarning": 70.88571428571429, "NumericalWarning": 7.628571428571429, "NotPSDTrainingWarning": 0.05714285714285714, "NaNTrainingWarning": 0.45714285714285713, "NotPSDPredictionWarning": 0.05714285714285714, "NaNPredictionWarning": 0.45714285714285713, "ResetModelWarning": 0.8285714285714286, "MultipleMinimaWarning": 0.0}},
"220,ei,float,1e-12": {"max_fevals": 220, "method": "ei", "precision": "float", "minimum_std": 1e-12, "time": 0.015445579931759698, "times": [0.012415405708513275, 0.011805100388333453, 0.017332777009829964, 0.011060307763866703, 0.018430940350506287, 0.015779097147568952, 0.01493155882090817, 0.019673679538438602, 0.003139780534833863, 0.009418813560046686, 0.011866785012987, 0.017687479639344892, 0.010929226773805166, 0.013880883725994836, 0.010750810419067523, 0.008949205160874024, 0.014370898541029251, 0.03924992958882649, 0.0198680188352176, 0.03303767470162696, 0.016299579668550748, 0.010036901130086937, 0.010361783612275575, 0.010444808139972186, 0.01422923766421117, 0.024533582400104753, 0.013038885099661427, 0.01057835956963466, 0.01590342061660834, 0.01180914110972644, 0.010133238408940029, 0.021936063079130142, 0.007654812093484855, 0.01952110266504348, 0.02953600913253893], "strategy_time": 65.73507895711427, "warnings": {"AvoidedLossSurgeWarning": 44.31428571428572, "NumericalWarning": 2.914285714285714, "NotPSDTrainingWarning": 0.02857142857142857, "NaNTrainingWarning": 0.9428571428571428, "NotPSDPredictionWarning": 0.02857142857142857, "NaNPredictionWarning": 0.9428571428571428, "ResetModelWarning": 1.6285714285714286, "MultipleMinimaWarning": 0.0}},
"220,ei,double,0.001": {"max_fevals": 220, "method": "ei", "precision": "double", "minimum_std": 0.001, "time": 0.01592263165657932, "times": [0.020724416054741224, 0.013214263795401157, 0.009778703573711982, 0.015108630158595884, 0.011995489134842557, 0.01884066793961965, 0.020588322477645752, 0.02518478035583617, 0.016263699876230154, 0.024864522011032304, 0.013320760158102492, 0.02983824845141149, 0.01628067271360049, 0.011943589240222013, 0.009760833318230102, 0.005357632511587401, 0.03473919812014908, 0.011237396280555883, 0.017060056521024897, 0.009630378373639201, 0.017728168436489406, 0.014305737373152078, 0.006393094493038039, 0.01616158947220774, 0.013710565319747473, 0.014220759953614536, 0.016511545307132208, 0.00692119678770424, 0.013029114461732166, 0.0041320045318606795, 0.027435067862913314, 0.015151106924933912, 0.009797694901993753, 0.009591392596839108, 0.03647080849073763], "strategy_time": 100.67944381665714, "warnings": {"AvoidedLossSurgeWarning": 34.97142857142857, "NumericalWarning": 0.0, "NotPSDTrainingWarning": 0.0, "NaNTrainingWarning": 0.2571428571428571, "NotPSDPredictionWarning": 0.0, "NaNPredictionWarning": 0.2571428571428571, "ResetModelWarning": 0.8857142857142857, "MultipleMinimaWarning": 0.0}},
"220,ei,double,1e-06": {"max_fevals": 220, "method": "ei", "precision": "double", "minimum_std": 1e-06, "time": 0.01569762129121136, "times": [0.015202673832457006, 0.01819972084745712, 0.014265987585419374, 0.01626222909889913, 0.008959908109584603, 0.021460718876776242, 0.00713117145948168, 0.05766060560176229, 0.0049945298740978125, 0.013353655294020177, 0.00605637305005909, 0.0203855360568379, 0.023600083091503975, 0.010675524394863425, 0.04543358896508507, 0.006185038543675195, 0.02044899769542234, 0.017887970776584203, 0.017570404127304626, 0.018962378661926255, 0.02152702883661202, 0.007226218036199082, 0.02072941863258633, 0.01234276266318241, 0.013511725055063364, 0.011870466267048579, 0.008892344302548998, 0.008379714684201428, 0.01257528693402993, 0.008649557719391293, 0.0034288341283229117, 0.021829005845281736, 0.004349026589393347, 0.008950683968266324, 0.020457575587052416], "strategy_time": 97.20884841305714, "warnings": {"AvoidedLossSurgeWarning": 44.714285714285715, "NumericalWarning": 0.0, "NotPSDTrainingWarning": 0.0, "NaNTrainingWarning": 0.2857142857142857, "NotPSDPredictionWarning": 0.0, "NaNPredictionWarning": 0.34285714285714286, "ResetModelWarning": 0.8, "MultipleMinimaWarning": 0.0}},
"220,ei,double,1e-09": {"max_fevals": 220,