{
"device_name": "arm",
"kernel_name": "bootstrap_hyperparamtuning_kernel",
"tune_params_keys": [
"max_fevals",
"minimum_std"
],
"tune_params": {
"max_fevals": [
220
],
"minimum_std": [
1e-05,
1e-06,
1e-07,
1e-08,
1e-09,
1e-10
]
},
"cache": {
"220,1e-05": {"max_fevals": 220, "minimum_std": 1e-05, "time": 0.01341251338307741, "times": [0.01325284121551584, 0.010004454349510583, 0.003082155926829437, 0.016020455776714803, 0.00771684585666007, 0.013617164357148407, 0.010405273043221459, 0.025174880261158734, 0.015804105819140005, 0.008325381267010332, 0.007713881246639217, 0.011419134122976902, 0.00719481310664655, 0.016785914773261308, 0.025207039132934105, 0.02059328162405505, 0.01613411089981494, 0.013373268420352481, 0.02255609156672422, 0.022384711174291413, 0.02471454740573571, 0.008867366105643796, 0.013820035300771865, 0.006353161999771994, 0.01713098534050878, 0.006010295334665462, 0.00802609489838883, 0.014244784542672901, 0.025100395689236384, 0.004210866874784432, 0.007598929698080317, 0.011918909554180963, 0.010512205649056014, 0.012257229432282453, 0.011906356641323562], "strategy_time": 62.399458229771426, "warnings": {"AvoidedLossSurgeWarning": 78.2, "NumericalWarning": 31.571428571428573, "NotPSDTrainingWarning": 0.08571428571428572, "NaNTrainingWarning": 0.3142857142857143, "NotPSDPredictionWarning": 0.11428571428571428, "NaNPredictionWarning": 0.3142857142857143, "ResetModelWarning": 1.0857142857142856, "MultipleMinimaWarning": 0.0}},
"220,1e-06": {"max_fevals": 220, "minimum_std": 1e-06, "time": 0.01544943103937947, "times": [0.020320891291378967, 0.012637871932041045, 0.015841665494628423, 0.024622751977154998, 0.015324304531508369, 0.0026062348240257446, 0.012463643139825857, 0.02173148355213132, 0.017387078830646576, 0.010415946622254002, 0.008495312550198931, 0.010020768465371104, 0.010260024354816514, 0.012532174862363002, 0.013523978985591711, 0.012178818010712881, 0.009831571635025045, 0.042707545457365104, 0.0077317276933927875, 0.02511043622334112, 0.020869903577614198, 0.009235570978112936, 0.008322032519054641, 0.01076785070184867, 0.02193890117305688, 0.008371311092428483, 0.0037988845262565307, 0.030308084558245185, 0.03924907708631916, 0.02614552953171447, 0.010367402124257605, 0.013226804962209482, 0.008569732360600706, 0.009436278823031339, 0.01437849192975766], "strategy_time": 69.47769669879999, "warnings": {"AvoidedLossSurgeWarning": 61.74285714285714, "NumericalWarning": 17.428571428571427, "NotPSDTrainingWarning": 0.05714285714285714, "NaNTrainingWarning": 0.42857142857142855, "NotPSDPredictionWarning": 0.05714285714285714, "NaNPredictionWarning": 0.42857142857142855, "ResetModelWarning": 1.4285714285714286, "MultipleMinimaWarning": 0.0}},
"220,1e-07": {"max_fevals": 220, "minimum_std": 1e-07, "time": 0.01652063356720422, "times": [0.01760734336939035, 0.01926647612248943, 0.012595328680561521, 0.005787619260876623, 0.0230745983436776, 0.013008930507711916, 0.007422508343830785, 0.016551249659401624, 0.020581520406800457, 0.008714077629705578, 0.009551487315566988, 0.012738137456927921, 0.007363981249531511, 0.004671867278358375, 0.054341235577584274, 0.010596162642526588, 0.009934284735191213, 0.039601828233785795, 0.01264703549941451, 0.013878773085037268, 0.02895058635630196, 0.005952584876085532, 0.015414961555268591, 0.007792341887218665, 0.015226525742835057, 0.02484912912375234, 0.01570291810715505, 0.02517484685246432, 0.012845875946983077, 0.017590392534695565, 0.01819959496048648, 0.027536088903651723, 0.009332139922164277, 0.01698182556387762, 0.016737917120837123], "strategy_time": 66.41475545002858, "warnings": {"AvoidedLossSurgeWarning": 80.94285714285714, "NumericalWarning": 28.8, "NotPSDTrainingWarning": 0.08571428571428572, "NaNTrainingWarning": 0.9142857142857143, "NotPSDPredictionWarning": 0.08571428571428572, "NaNPredictionWarning": 0.9714285714285714, "ResetModelWarning": 2.2285714285714286, "MultipleMinimaWarning": 0.0}},
"220,1e-08": {"max_fevals": 220, "minimum_std": 1e-08, "time": 0.013376939705405233, "times": [0.01150630564197521, 0.011511478406598422, 0.015118385041969329, 0.016142091788212257, 0.0031151579816926568, 0.018801067913888417, 0.015230051285246071, 0.015382575453318233, 0.0076876166440689245, 0.01603049701115614, 0.014225870474504928, 0.01333855250082964, 0.031052889493796993, 0.01412582623061008, 0.011533675299649021, 0.009307064152436406, 0.0006388396202363383, 0.0056697713675642825, 0.017336333921915168, 0.016642820334107192, 0.010624690314141802, 0.002110659619645548, 0.02031791593946694, 0.01277337577399928, 0.007664864782968704, 0.01265243058514221, 0.013462829846102116, 0.011294033632656611, 0.016394673705311853, 0.02121671514661209, 0.01580757491862865, 0.01167825580466799, 0.020347215727954254, 0.014005492753016754, 0.013445290575092701], "strategy_time": 71.1555737107714, "warnings": {"AvoidedLossSurgeWarning": 56.371428571428574, "NumericalWarning": 38.97142857142857, "NotPSDTrainingWarning": 0.11428571428571428, "NaNTrainingWarning": 0.8857142857142857, "NotPSDPredictionWarning": 0.11428571428571428, "NaNPredictionWarning": 0.8857142857142857, "ResetModelWarning": 1.6571428571428573, "MultipleMinimaWarning": 0.0}},
"220,1e-09": {"max_fevals": 220, "minimum_std": 1e-09, "time": 0.01573941114401717, "times": [0.014068454852767346, 0.012219373466503763, 0.018869371434622532, 0.016373743818153305, 0.009984287922430784, 0.006681164910644059, 0.00673039167159229, 0.026111310720637975, 0.053841992000092036, 0.02879744567420021, 0.015643975935574567, 0.004421928065564975, 0.006909580737449446, 0.012049962956427185, 0.019169848875902284, 0.009760113117985176, 0.00728895430583413, 0.014037005850490147, 0.008385752738472734, 0.011203485931331685, 0.011915041642663432, 0.030091118935133703, 0.012045100178683368, 0.01606007084213742, 0.021813843453026897, 0.01086048486374847, 0.014975422078029191, 0.014978208651467026, 0.01201242490967118, 0.010816266805798691, 0.04033564255592884, 0.009730356271260754, 0.012028998629424881, 0.01033159419811813, 0.02033667103883237], "strategy_time": 71.71584187257145, "warnings": {"AvoidedLossSurgeWarning": 80.31428571428572, "NumericalWarning": 19.714285714285715, "NotPSDTrainingWarning": 0.11428571428571428, "NaNTrainingWarning": 0.5428571428571428, "NotPSDPredictionWarning": 0.11428571428571428, "NaNPredictionWarning": 0.5428571428571428, "ResetModelWarning": 1.1428571428571428, "MultipleMinimaWarning": 0.02857142857142857}},
"220,1e-10": {"max_fevals": 220, "minimum_std": 1e-10, "time": 0.015313423345152346, "times": [0.01793929412637732, 0.01897996661445221, 0.009896729022788278, 0.006329865918974568, 0.007096042796529499, 0.008131417550264227, 0.022043641638722508, 0.006952888437588774, 0.013076741217260457, 0.025435405947220133, 0.011376931832587563, 0.003864219381223125, 0.017151001927942392, 0.014331810897198658, 0.04610624607400937, 0.009616675487840816, 0.012994167173113963, 0.009764568429565497, 0.00913137657645948, 0.020090092948486453, 0.02970566218069035, 0.02231118481008466, 0.015752507447217425, 0.027555302533171514, 0.02223221035550921, 0.01790410901471954, 0.015720045895179533, 0.017980285956736702, 0.020144517978618447, 0.0025002274922412116, 0.011081155922786865, 0.010200605182267454, 0.006466841767543152, 0.010091148294350006, 0.01601492825061079], "strategy_time": 69.3668550595143, "warnings": {"AvoidedLossSurgeWarning": 91.85714285714286, "NumericalWarning": 19.314285714285713, "NotPSDTrainingWarning": 0.14285714285714285, "NaNTrainingWarning": 0.45714285714285713, "NotPSDPredictionWarning": 0.14285714285714285, "NaNPredictionWarning": 0.45714285714285713, "ResetModelWarning": 1.0857142857142856, "MultipleMinimaWarning": 0.0}}}
}