{
"device_name": "arm",
"kernel_name": "bootstrap_hyperparamtuning_kernel",
"tune_params_keys": [
"max_fevals",
"dummy_param"
],
"tune_params": {
"max_fevals": [
220
],
"dummy_param": [
1,
2,
3,
4,
5
]
},
"cache": {
"220,1": {"max_fevals": 220, "dummy_param": 1, "time": 0.012082915470576985, "times": [0.022843962262459605, 0.015266043127406613, 0.018943819466824458, 0.015170996461017208, 0.016834770115185613, 0.03895105540483228, 0.013885046333307111, 0.009158383570695474, 0.012932042054606104, 0.01519519970988271, 0.013252360745959426, 0.01212966665787412, 0.0057751047903722855, 0.012535243440839491, 0.014441620864843664, 0.024040101975263035, 0.02101871035143098, 0.012071141572998103, 0.003256982019198853, 0.02494729475536846, 0.010852125608026645, 0.0275074410467626, 0.016656934505624908, 0.014248805204205073, 0.010105639044079335, 0.00953801827668325, 0.013163039926242617, 0.011234568076971138, 0.009987646960790806, 0.0048048258218835104, 0.013202486137036298, 0.01987031110363831, 0.01138298752789448, 0.010664068259978296, 0.014458342882627503], "strategy_time": 55.27993083220001, "warnings": {"AvoidedLossSurgeWarning": 86.6, "NumericalWarning": 10.4, "NotPSDTrainingWarning": 0.05714285714285714, "NaNTrainingWarning": 0.7714285714285715, "NotPSDPredictionWarning": 0.05714285714285714, "NaNPredictionWarning": 0.8571428571428571, "ResetModelWarning": 1.4, "MultipleMinimaWarning": 0.0}},
"220,2": {"max_fevals": 220, "dummy_param": 2, "time": 0.012991850416618976, "times": [0.016873981154134087, 0.00784441362384633, 0.01452608445090023, 0.00921031080240796, 0.010208785895785452, 0.010612697930751196, 0.01225999947703065, 0.013555423524688847, 0.010062133632780185, 0.011146813003919261, 0.015970715128402636, 0.019481194650034225, 0.015681559674024657, 0.01626420275229344, 0.01404836840542172, 0.012286564037568145, 0.016343314800619558, 0.008949939643113143, 0.016358095342671786, 0.013206072325048257, 0.006078189694701447, 0.0077705417618413, 0.014049116730249904, 0.012162725805268572, 0.001738023763305501, 0.00915160931983909, 0.012150255599965293, 0.007716882629516288, 0.03439449133056235, 0.014976056515610861, 0.009803748443979897, 0.016686281933455567, 0.02153525462855106, 0.03519701855618902, 0.014783713004421798], "strategy_time": 56.17684069405714, "warnings": {"AvoidedLossSurgeWarning": 67.34285714285714, "NumericalWarning": 10.314285714285715, "NotPSDTrainingWarning": 0.05714285714285714, "NaNTrainingWarning": 0.2, "NotPSDPredictionWarning": 0.05714285714285714, "NaNPredictionWarning": 0.2, "ResetModelWarning": 0.4, "MultipleMinimaWarning": 0.5142857142857142}},
"220,3": {"max_fevals": 220, "dummy_param": 3, "time": 0.013550153609258328, "times": [0.012573729662998745, 0.015483132294977596, 0.009218827570729109, 0.01518743536785556, 0.011319030977609721, 0.012339049408415001, 0.005671756473763165, 0.016045505169947485, 0.02960567587986938, 0.016669930599567204, 0.015435083992322872, 0.011979261463252911, 0.018354639323957023, 0.014984706837004794, 0.014351552327559797, 0.032627260023772725, 0.015197870038958061, 0.015197363141268128, 0.008252497987994755, 0.015554121607764232, 0.009498874641919864, 0.006732002876309669, 0.008672107014263027, 0.014087079171184345, 0.010613305618618734, 0.005370162342984844, 0.008017477062538815, 0.01839863045488452, 0.016084225581330148, 0.016036247531602585, 0.023589147325042803, 0.012832209518272698, 0.013765473191357099, 0.018749905857066203, 0.010755694761040166], "strategy_time": 59.43278410477143, "warnings": {"AvoidedLossSurgeWarning": 40.05714285714286, "NumericalWarning": 11.685714285714285, "NotPSDTrainingWarning": 0.08571428571428572, "NaNTrainingWarning": 0.6, "NotPSDPredictionWarning": 0.08571428571428572, "NaNPredictionWarning": 0.6285714285714286, "ResetModelWarning": 1.0857142857142856, "MultipleMinimaWarning": 0.0}},
"220,4": {"max_fevals": 220, "dummy_param": 4, "time": 0.013023897718469955, "times": [0.015988701362725424, 0.011020885427020047, 0.021214910322192443, 0.011315174729301153, 0.012557519953793152, 0.004665120946488586, 0.005485014746063811, 0.015684416016612683, 0.01258973394545885, 0.011355501738470256, 0.023568126966615848, 0.014195311009762462, 0.030250163311218353, 0.009418282385508642, 0.010103590173914486, 0.014209336365620204, 0.012708562391540218, 0.035701231190318074, 0.014324785664972672, 0.017251677886874688, 0.006111658891661437, 0.012465336332494253, 0.005860322867208175, 0.0124397731176253, 0.01818418678385422, 0.011907187639326008, 0.01070288273389425, 0.02009291626627194, 0.00982916344998301, 0.0101905509986017, 0.015037747632415504, 0.004247808442572384, 0.01773784019639083, 0.016644791825292552, 0.012270899688218104], "strategy_time": 61.34300164525715, "warnings": {"AvoidedLossSurgeWarning": 35.457142857142856, "NumericalWarning": 7.457142857142857, "NotPSDTrainingWarning": 0.02857142857142857, "NaNTrainingWarning": 0.42857142857142855, "NotPSDPredictionWarning": 0.02857142857142857, "NaNPredictionWarning": 0.4857142857142857, "ResetModelWarning": 1.2285714285714286, "MultipleMinimaWarning": 0.0}},
"220,5": {"max_fevals": 220, "dummy_param": 5, "time": 0.01250827496088115, "times": [0.019487900946405613, 0.006240149500852618, 0.010748251861265101, 0.023145492188813562, 0.008598603009447219, 0.012091092648512306, 0.009408303594651111, 0.02567838389440868, 0.012735522722027095, 0.015563269438379207, 0.003100475515730708, 0.019119824786461594, 0.016378272541089162, 0.012693971811890766, 0.030527482261301753, 0.029022438077363707, 0.018580499050172044, 0.017660847268082078, 0.017507157074836896, 0.0173702880373061, 0.009389822542621318, 0.01930477900634955, 0.010471008055563362, 0.007836664200595641, 0.01687188278015025, 0.014098216202961684, 0.016127778434128378, 0.010974947653419229, 0.008118684633133888, 0.00738643864772147, 0.044043556601222444, 0.02389384265385459, 0.008946073550074757, 0.00974128715145745, 0.015577353284860382], "strategy_time": 57.89259309408571, "warnings": {"AvoidedLossSurgeWarning": 74.34285714285714, "NumericalWarning": 3.857142857142857, "NotPSDTrainingWarning": 0.05714285714285714, "NaNTrainingWarning": 0.4857142857142857, "NotPSDPredictionWarning": 0.05714285714285714, "NaNPredictionWarning": 0.5142857142857142, "ResetModelWarning": 0.9714285714285714, "MultipleMinimaWarning": 0.0}},