{
"device_name": "arm",
"kernel_name": "bootstrap_hyperparamtuning_kernel",
"tune_params_keys": [
"max_fevals",
"precision",
"minimum_std"
],
"tune_params": {
"max_fevals": [
220
],
"precision": [
"float",
"double"
],
"minimum_std": [
0.001,
1e-05,
1e-06,
1e-07,
1e-09
]
},
"cache": {
"220,float,0.001": {"max_fevals": 220, "precision": "float", "minimum_std": 0.001, "time": 0.012192070667094736, "times": [0.015101707169996542, 0.014714410236959694, 0.009403346766693828, 0.012278068062550237, 0.016971019373789874, 0.008620681021846453, 0.009393036154584868, 0.02184180581554156, 0.012685188339106894, 0.01889843021508491, 0.010448196987653506, 0.02218352083054168, 0.009883571382683603, 0.013436722152240357, 0.015655287794019913, 0.012106073271639234, 0.024057079168229144, 0.009143398676109487, 0.012578398703048874, 0.014716629343192717, 0.012749714813808098, 0.015432143152474034, 0.00895273443223002, 0.006175231071305256, 0.008998813177068991, 0.017029959313237693, 0.024882061503212972, 0.006907905284632028, 0.011512639589613627, 0.017142908007059903, 0.012069699089667074, 0.005973647694121414, 0.00961948052792608, 0.009032620492724427, 0.029999507140811715], "strategy_time": 66.24941599997145, "warnings": {"AvoidedLossSurgeWarning": 44.31428571428572, "NumericalWarning": 9.914285714285715, "NotPSDTrainingWarning": 0.05714285714285714, "NaNTrainingWarning": 0.2571428571428571, "NotPSDPredictionWarning": 0.05714285714285714, "NaNPredictionWarning": 0.2571428571428571, "ResetModelWarning": 1.2, "MultipleMinimaWarning": 0.0}},
"220,float,1e-05": {"max_fevals": 220, "precision": "float", "minimum_std": 1e-05, "time": 0.014597094466839136, "times": [0.01053619049393654, 0.010510722229083258, 0.014717252744529884, 0.016935342229635206, 0.0056774700201963025, 0.013553264733945131, 0.019329992781110156, 0.01591116874504241, 0.017288717251840172, 0.012280126796056084, 0.012168406477057392, 0.014598366289655074, 0.013719719444555226, 0.005866106716204152, 0.009461893330264384, 0.01055905949245668, 0.018501620130553894, 0.020174627197914633, 0.020698011337131526, 0.021860031082164944, 0.012007498041711364, 0.026287989596244357, 0.013436598352263565, 0.022403917135990128, 0.014906302377107496, 0.02206928922675858, 0.01795021392784601, 0.022282836218675623, 0.012957524460489962, 0.006942035949899467, 0.014597094466839136, 0.012204773941362476, 0.009438648043335069, 0.03489278779713613, 0.011333774644105071], "strategy_time": 68.62714214274284, "warnings": {"AvoidedLossSurgeWarning": 39.457142857142856, "NumericalWarning": 16.02857142857143, "NotPSDTrainingWarning": 0.08571428571428572, "NaNTrainingWarning": 0.6857142857142857, "NotPSDPredictionWarning": 0.08571428571428572, "NaNPredictionWarning": 0.6857142857142857, "ResetModelWarning": 1.1714285714285715, "MultipleMinimaWarning": 0.0}},
"220,float,1e-06": {"max_fevals": 220, "precision": "float", "minimum_std": 1e-06, "time": 0.011692331335757691, "times": [0.004014517583849661, 0.015826685436367536, 0.015071933715924092, 0.0127252029814612, 0.014193967499641443, 0.007499478960974095, 0.010222160462472723, 0.006996698623989123, 0.008590080886928595, 0.011288530002116675, 0.016723694390005883, 0.01375128704236478, 0.04431332210456848, 0.02521008256388517, 0.02202611639428384, 0.010522910248504665, 0.011692331335757691, 0.010772388465020126, 0.009445455594706732, 0.011367629579353408, 0.028788883226981556, 0.016499806776636636, 0.017959040392771023, 0.011316976082525467, 0.01325049340356911, 0.009709886108494303, 0.014445198894714517, 0.008119954625753103, 0.016624945816054285, 0.015863574755847477, 0.00695349390362428, 0.019614541687424644, 0.010818670574056409, 0.016957812861968867, 0.012588038781995011], "strategy_time": 64.27556012371429, "warnings": {"AvoidedLossSurgeWarning": 51.02857142857143, "NumericalWarning": 20.97142857142857, "NotPSDTrainingWarning": 0.11428571428571428, "NaNTrainingWarning": 0.9714285714285714, "NotPSDPredictionWarning": 0.11428571428571428, "NaNPredictionWarning": 0.9714285714285714, "ResetModelWarning": 1.7142857142857142, "MultipleMinimaWarning": 0.0}},
"220,float,1e-07": {"max_fevals": 220, "precision": "float", "minimum_std": 1e-07, "time": 0.011378064144051254, "times": [0.014043922062794478, 0.009056826715418022, 0.010144312930154381, 0.009194993656734774, 0.028767442198821963, 0.033415223543032134, 0.012391595591411758, 0.007203973024637901, 0.012547704805841895, 0.013474426689231628, 0.012305403304143389, 0.008991625171895378, 0.013528551171899128, 0.005727154899122969, 0.014275118078550836, 0.007611078658385767, 0.011716595922317876, 0.008911481271071173, 0.010281133520672944, 0.011628455378007363, 0.03173464080196651, 0.013714854482749441, 0.011127672910095145, 0.020265152467716627, 0.008383466873733396, 0.02226035968170195, 0.014727597443284232, 0.016962884403150715, 0.012787253164795098, 0.007066601914675865, 0.00882005665932079, 0.009238696474324406, 0.03601001586918013, 0.0166611718993693, 0.007822284758514401], "strategy_time": 63.242547799971426, "warnings": {"AvoidedLossSurgeWarning": 53.17142857142857, "NumericalWarning": 7.171428571428572, "NotPSDTrainingWarning": 0.05714285714285714, "NaNTrainingWarning": 0.7714285714285715, "NotPSDPredictionWarning": 0.05714285714285714, "NaNPredictionWarning": 0.8, "ResetModelWarning": 1.3714285714285714, "MultipleMinimaWarning": 0.0}},
"220,float,1e-09": {"max_fevals": 220, "precision": "float", "minimum_std": 1e-09, "time": 0.010229610940361759, "times": [0.009448059692955434, 0.009459405137416419, 0.01525884786409829, 0.006899090628406872, 0.021151371906012805, 0.00968317088466344, 0.016629465122282982, 0.03668462237440065, 0.006423902999299229, 0.00722588956281514, 0.02269527300814181, 0.011560953252826656, 0.011819305717509138, 0.007459111530265093, 0.010630686179988217, 0.017423809676145065, 0.016243400215428697, 0.007506138668362763, 0.011275655963674738, 0.009111099368421619, 0.008403946802542592, 0.02369498292834479, 0.017742241879027402, 0.012419251436929143, 0.009103296469249825, 0.008339340593361786, 0.014004126961249239, 0.010012242679481835, 0.02493295318728583, 0.016051978401693593, 0.00479564440159183, 0.012085682860683225, 0.020100184555054232, 0.016362851021410572, 0.010229610940361759], "strategy_time": 62.241971273714285, "warnings": {"AvoidedLossSurgeWarning": 62.285714285714285, "NumericalWarning": 24.314285714285713, "NotPSDTrainingWarning": 0.05714285714285714, "NaNTrainingWarning": 0.8571428571428571, "NotPSDPredictionWarning": 0.05714285714285714, "NaNPredictionWarning": 0.8857142857142857, "ResetModelWarning": 1.4, "MultipleMinimaWarning": 0.0}},
"220,double,0.001": {"max_fevals": 220, "precision": "double", "minimum_std": 0.001, "time": 0.01125011088085407, "times": [0.020827050335214894, 0.012436943386292096, 0.009012894250495581, 0.02585518267524925, 0.012117908268648269, 0.012672136137595838, 0.007682823465682107, 0.011514516424006976, 0.018211167798708114, 0.022582967818558206, 0.018140652737749938, 0.028083734871507005, 0.035330998708950546, 0.01112844167952689, 0.02449954228776348, 0.006436349736147681, 0.007445499154316829, 0.008028531308587694, 0.00790622664322349, 0.009670512583540737, 0.013373373854659453, 0.03075084407288675, 0.007962073826217051, 0.007142022443164299, 0.009350874742330581, 0.010827266782922099, 0.012083937186707019, 0.006622480202714806, 0.022334671711807173, 0.018086707928918113, 0.013624924103787872, 0.0324456858749376, 0.014475879742862597, 0.01125011088085407, 0.021295343622954852], "strategy_time": 92.1165064214, "warnings": {"AvoidedLossSurgeWarning": 61.285714285714285, "NumericalWarning": 0.0, "NotPSDTrainingWarning": 0.0, "NaNTrainingWarning": 0.42857142857142855, "NotPSDPredictionWarning": 0.0, "NaNPredictionWarning": 0.42857142857142855, "ResetModelWarning": 1.1142857142857143, "MultipleMinimaWarning": 0.11428571428571428}},
"220,double,1e-05": {"max_fevals": 220, "precision": "double", "minimum_std": 1e-05, "time": 0.011205184688110725,