{
"device_name": "arm",
"kernel_name": "bootstrap_hyperparamtuning_kernel",
"tune_params_keys": [
"max_fevals",
"dummy_param"
],
"tune_params": {
"max_fevals": [
220
],
"dummy_param": [
0,
1,
2,
3,
4
]
},
"cache": {
"220,0": {"max_fevals": 220, "dummy_param": 0, "time": 0.012085272558987876, "times": [0.012562749454214548, 0.010287023900111627, 0.01674981510242067, 0.013758221735533907, 0.005482860660436264, 0.011615567182875259, 0.007567047287270874, 0.012085272558987876, 0.013163931530261764, 0.008449896768761407, 0.0033092186952233663, 0.010586607002545706, 0.010726923674537819, 0.012526586262389445, 0.004609076390226085, 0.01285802378378969, 0.013271479521910023, 0.0173261257514425, 0.009820913254794833, 0.015635674220666477, 0.010735377592070203, 0.005088473927406117, 0.021000785141368817, 0.025137677588709297, 0.012311012551825014, 0.014598076685168765, 0.016519161625444007, 0.013086102675447615, 0.03809071500029098, 0.006661734805526377, 0.004578455140409694, 0.011731155871647274, 0.0029479093034479645, 0.006262604253774578, 0.011001642203376745], "strategy_time": 58.88902804059999, "warnings": {"AvoidedLossSurgeWarning": 73.68571428571428, "NumericalWarning": 6.3428571428571425, "NotPSDTrainingWarning": 0.08571428571428572, "NaNTrainingWarning": 0.6285714285714286, "NotPSDPredictionWarning": 0.08571428571428572, "NaNPredictionWarning": 0.6571428571428571, "ResetModelWarning": 1.7714285714285714, "MultipleMinimaWarning": 0.0}},
"220,1": {"max_fevals": 220, "dummy_param": 1, "time": 0.013071045319018948, "times": [0.025355902242009624, 0.017447753749798258, 0.004879865452516418, 0.006636773272473479, 0.02290781484107264, 0.012156548454140608, 0.008904321870435945, 0.018651123153812958, 0.014724561988680817, 0.011466599843911018, 0.01643603424666361, 0.006759808322333138, 0.008492563655454676, 0.04992221746443063, 0.008961530425186874, 0.00780609192013814, 0.015485460477544588, 0.013071045319018948, 0.017217407385349378, 0.01154136665319466, 0.017535670612636892, 0.01739975185423433, 0.020075721881557755, 0.008392329213220783, 0.013954826241730446, 0.003153076186940993, 0.013181946437681275, 0.012754915177200904, 0.012130951152534422, 0.00941571272773966, 0.012731363340087854, 0.013090304188748313, 0.03247703628495736, 0.013528300457015646, 0.008046763071947717], "strategy_time": 61.777942703628575, "warnings": {"AvoidedLossSurgeWarning": 90.54285714285714, "NumericalWarning": 17.17142857142857, "NotPSDTrainingWarning": 0.02857142857142857, "NaNTrainingWarning": 0.5142857142857142, "NotPSDPredictionWarning": 0.02857142857142857, "NaNPredictionWarning": 0.5142857142857142, "ResetModelWarning": 1.4285714285714286, "MultipleMinimaWarning": 0.0}},
"220,2": {"max_fevals": 220, "dummy_param": 2, "time": 0.012578923388669054, "times": [0.004985429391960978, 0.007903482842803913, 0.018054423446205923, 0.012578923388669054, 0.028822029964928827, 0.017085469745800205, 0.0035650360034741035, 0.0141621432364473, 0.0047191863019033645, 0.007419169947143592, 0.018094995623913524, 0.013922791866170922, 0.010051756954486566, 0.008804417376440873, 0.013281430345467584, 0.0008387287541253021, 0.01884766069156276, 0.015350958819205486, 0.009500226042952704, 0.014539078439652056, 0.011625724680466597, 0.009501742176845738, 0.012085069952268315, 0.02451648582690026, 0.012679767455605452, 0.008931201460439528, 0.011355789767949279, 0.014738163386522625, 0.01832404705007668, 0.011170888066927906, 0.015849770567917434, 0.01026468025090666, 0.03663916840465126, 0.010893453847047659, 0.014449122504962596], "strategy_time": 61.516448430942845, "warnings": {"AvoidedLossSurgeWarning": 64.2, "NumericalWarning": 40.714285714285715, "NotPSDTrainingWarning": 0.11428571428571428, "NaNTrainingWarning": 0.22857142857142856, "NotPSDPredictionWarning": 0.11428571428571428, "NaNPredictionWarning": 0.22857142857142856, "ResetModelWarning": 1.0571428571428572, "MultipleMinimaWarning": 0.0}},
"220,3": {"max_fevals": 220, "dummy_param": 3, "time": 0.01150701341700209, "times": [0.01150701341700209, 0.008504749845982486, 0.019847023301899913, 0.010569189666297668, 0.006049577666900215, 0.009374941302174958, 0.008225434706719027, 0.041824392208462534, 0.007919503143932295, 0.029674376697306087, 0.03960153893630583, 0.02124921011366494, 0.011834745248965842, 0.014150277736805097, 0.01652456797594248, 0.01203358864202758, 0.007217243252037624, 0.010064968183524111, 0.015330055252236074, 0.01360882361230445, 0.0010370993393180635, 0.005157231314549993, 0.014642341372072036, 0.009946660561360001, 0.004734797671130787, 0.018083747343307074, 0.00983600555424431, 0.015585869845659225, 0.010871201754580694, 0.004897647139429042, 0.006904139824980155, 0.02533390371771695, 0.01408455981141668, 0.012883904288633882, 0.03232886187259311], "strategy_time": 61.11533576785714, "warnings": {"AvoidedLossSurgeWarning": 71.37142857142857, "NumericalWarning": 4.514285714285714, "NotPSDTrainingWarning": 0.02857142857142857, "NaNTrainingWarning": 0.08571428571428572, "NotPSDPredictionWarning": 0.02857142857142857, "NaNPredictionWarning": 0.08571428571428572, "ResetModelWarning": 0.45714285714285713, "MultipleMinimaWarning": 0.0}},
"220,4": {"max_fevals": 220, "dummy_param": 4, "time": 0.012361107756837526, "times": [0.01843594820144374, 0.012041556294591221, 0.006925872455046423, 0.03296116989857226, 0.008558862130020104, 0.004170467052648264, 0.017114188904779594, 0.011683680886526352, 0.004701405314490551, 0.005983479952553353, 0.0045416976683944135, 0.009625255884208364, 0.013192308788271415, 0.018581214287750197, 0.024882421468460553, 0.030510401664388606, 0.017925133509296115, 0.006932643565233664, 0.01113420207509476, 0.011607049322767073, 0.014436020527131442, 0.019864844726855905, 0.012354263891021261, 0.022404763829739254, 0.01127838733606019, 0.013668918062931149, 0.012361107756837526, 0.005130255908086334, 0.01981101259307653, 0.01716682839856212, 0.026574707518158925, 0.017787458361681604, 0.013988469427299012, 0.00830267545337223, 0.016212596941576094], "strategy_time": 60.9525649262, "warnings": {"AvoidedLossSurgeWarning": 69.45714285714286, "NumericalWarning": 9.028571428571428, "NotPSDTrainingWarning": 0.11428571428571428, "NaNTrainingWarning": 1.0, "NotPSDPredictionWarning": 0.11428571428571428, "NaNPredictionWarning": 1.0, "ResetModelWarning": 2.4, "MultipleMinimaWarning": 0.0}}}
}