{
"device_name": "arm",
"kernel_name": "bootstrap_hyperparamtuning_kernel",
"tune_params_keys": [
"max_fevals",
"dummy_param"
],
"tune_params": {
"max_fevals": [
220
],
"dummy_param": [
0,
1,
2,
3,
4
]
},
"cache": {
"220,0": {"max_fevals": 220, "dummy_param": 0, "time": 0.014930276852063738, "times": [0.0018871589662912771, 0.024526408299311353, 0.010088865806770661, 0.01016605984094606, 0.011277658640384986, 0.021972226923505898, 0.01118806487342748, 0.008576553393565554, 0.003331782617923719, 0.008373435025653204, 0.02585113248378745, 0.004782847087749886, 0.018954846624425172, 0.00960794925141313, 0.011537584506274711, 0.013039272105931877, 0.0758621087866679, 0.011367475419420054, 0.010189490959797065, 0.015506076817990605, 0.017499277066310288, 0.010310534355106567, 0.008178378980559913, 0.011460520470871509, 0.0068066704060285, 0.007790818705664451, 0.007561710318349876, 0.012732237048615086, 0.010860792247960452, 0.014756009604583023, 0.009027453255427836, 0.008133720923954613, 0.004970106302204578, 0.009416282525097137, 0.01368597592832148, 0.02256160590298815, 0.006808510409658775, 0.012173077074877659, 0.016584634045527638, 0.014307711779962082, 0.008064909786200806, 0.010986146553901788, 0.008044950339740661, 0.019120619053179987, 0.01774807587898299, 0.008925612102751333, 0.02143891939377802, 0.02059442531720412, 0.013404263780232536, 0.010686799121553148, 0.007855129989219998, 0.015128400527861236, 0.01362555353701994, 0.00917688776788252, 0.025954476881764308, 0.011111911490601744, 0.01654381040031751, 0.015828063955188956, 0.004536158873267529, 0.0020702929866653597, 0.028780048972409867, 0.008002742993146612, 0.012330476805255808, 0.01897942189417741, 0.011452189186600278, 0.010847168014660027, 0.006464700499887513, 0.013804805583789102, 0.007492553326169425, 0.01388891364559885, 0.014616220437489799, 0.009374649226168196, 0.01336949300636081, 0.008927219958497188, 0.016101270017550677, 0.0057181667775117314, 0.06754510594027667, 0.0308647384228065, 0.016299624942169775, 0.004386829321481094, 0.013619334764140489, 0.027852269235597193, 0.010733637705740734, 0.043784291904758875, 0.01349422214999956, 0.0059131620846912215, 0.009887767241453687, 0.007109096032430279, 0.045153997340935496, 0.013890643726973432, 0.017944504221484064, 0.010377654767275736, 0.025129785415472217, 0.007064312970450664, 0.009529676429026709, 0.003942443189226108, 0.012773230273286196, 0.016440522489098906, 0.008734372365868796, 0.014476967462027056, 0.00852624756162171, 0.006099181746934045, 0.008701769655540068, 0.01286078213860565, 0.013487375722174033], "strategy_time": 61.87703105638095, "warnings": {"AvoidedLossSurgeWarning": 65.47619047619048, "NumericalWarning": 15.942857142857143, "NotPSDTrainingWarning": 0.09523809523809523, "NaNTrainingWarning": 0.38095238095238093, "NotPSDPredictionWarning": 0.10476190476190476, "NaNPredictionWarning": 0.38095238095238093, "ResetModelWarning": 0.9142857142857143, "MultipleMinimaWarning": 0.0}},
"220,1": {"max_fevals": 220, "dummy_param": 1, "time": 0.015464461603812004, "times": [0.0034926802907053276, 0.01185239770308271, 0.013338093983209625, 0.019077591776346842, 0.020157466469644923, 0.007223198218480175, 0.02218507650331881, 0.002281257632054287, 0.017625870161397186, 0.017771401094273283, 0.0195272183353831, 0.008667965480263497, 0.010343233496172137, 0.015840139299365136, 0.007457377822955988, 0.013554153102568573, 0.01938202052997626, 0.024941312030155666, 0.014148120683572815, 0.010034062350535772, 0.033491165872930835, 0.023254332299865826, 0.013900629462998046, 0.012770576641260925, 0.010224578583057966, 0.007775644225853452, 0.01759308707021766, 0.015087642483108883, 0.009606423278197438, 0.06549699449527424, 0.006965871302735103, 0.013135037829231276, 0.02455202356719263, 0.012627026835368413, 0.018526709111408076, 0.009563448354242835, 0.026884436342841142, 0.016981101654804428, 0.019211027351314202, 0.01118289708432807, 0.013362147366981679, 0.020790263828028427, 0.009464032891459627, 0.004772641149000791, 0.018843289999743437, 0.01321172679316894, 0.0100224672546578, 0.013816887370509198, 0.018546136021119892, 0.01291025624547045, 0.007488921191624737, 0.007531766964393636, 0.013920159133190916, 0.009578618806758586, 0.011314442247635871, 0.012139835325440364, 0.02231376358292589, 0.007951437110824322, 0.016155028678312956, 0.008350726352466274, 0.016616106665280333, 0.0084087409750633, 0.023020710500628955, 0.017642653500665368, 0.025328184385681435, 0.012367736093107387, 0.0053581944775207245, 0.010850492528681232, 0.008441931750095848, 0.009815486537823348, 0.010830531268244528, 0.016019166438612033, 0.016583191297410146, 0.013226444187817198, 0.021974903501910142, 0.012567413559169021, 0.02111720278878422, 0.017681946321326098, 0.01163267688671348, 0.031593411491323185, 0.06823913583019699, 0.013504848881901425, 0.012337617512594158, 0.012852247528472962, 0.014987716031922815, 0.018438015556132222, 0.008637792590819088, 0.008361643837062817, 0.010977630968477153, 0.02680783140611537, 0.011669386808106412, 0.0229312314751443, 0.014598836951842761, 0.024321591878611905, 0.00871258556057449, 0.006489804140898767, 0.015488385795212048, 0.01116246280949589, 0.03062382261249852, 0.013341292828103679, 0.010788631750334026, 0.01696597039800026, 0.008152146136816371, 0.014591371276542649, 0.010224937802104291], "strategy_time": 63.82896107381904, "warnings": {"AvoidedLossSurgeWarning": 70.74285714285715, "NumericalWarning": 25.761904761904763, "NotPSDTrainingWarning": 0.13333333333333333, "NaNTrainingWarning": 0.6, "NotPSDPredictionWarning": 0.13333333333333333, "NaNPredictionWarning": 0.6095238095238096, "ResetModelWarning": 1.2952380952380953, "MultipleMinimaWarning": 0.0}},
"220,2": {"max_fevals": 220, "dummy_param": 2, "time": 0.01606258404205622,