{
"device_name": "arm",
"kernel_name": "bootstrap_hyperparamtuning_kernel",
"tune_params_keys": [
"max_fevals",
"minimum_std"
],
"tune_params": {
"max_fevals": [
220
],
"minimum_std": [
1e-05,
1e-06,
1e-07,
1e-08,
1e-09,
1e-10
]
},
"cache": {
"220,1e-05": {"max_fevals": 220, "minimum_std": 1e-05, "time": 0.012621293670780959, "times": [0.021461871720137398, 0.021854496400123897, 0.013186109443454636, 0.016750965390344673, 0.0027304507280969986, 0.015497937391179781, 0.014711435229534017, 0.015830335648412193, 0.020979899230804306, 0.013732908541419625, 0.006037318237807613, 0.007863065316948614, 0.009186203139208189, 0.008178897683801744, 0.013048132713792392, 0.009219919480273352, 0.013000474415607475, 0.00699538871371191, 0.03195684304301667, 0.016886460477333297, 0.009050317245417572, 0.017691713307220202, 0.0060301151331773285, 0.010642090686239709, 0.006102430598704315, 0.008638500667698966, 0.006653325518258428, 0.005001756525466914, 0.022635191355725077, 0.012222280329864587, 0.010795218710479046, 0.010030209566195053, 0.00990157467941394, 0.011773808869287486, 0.015467632339176215], "strategy_time": 67.51909394042856, "warnings": {"AvoidedLossSurgeWarning": 65.25714285714285, "NumericalWarning": 22.742857142857144, "NotPSDTrainingWarning": 0.02857142857142857, "NaNTrainingWarning": 1.1142857142857143, "NotPSDPredictionWarning": 0.02857142857142857, "NaNPredictionWarning": 1.1428571428571428, "ResetModelWarning": 2.4285714285714284, "MultipleMinimaWarning": 0.0}},
"220,1e-06": {"max_fevals": 220, "minimum_std": 1e-06, "time": 0.014743342170077193, "times": [0.009374072094580674, 0.011598991552442295, 0.015184333863245594, 0.009777893818560661, 0.007248621542074435, 0.008327629591025438, 0.01546597426512479, 0.01794023751069286, 0.011222761374089412, 0.008428719786669025, 0.013535978656532742, 0.009284816786198332, 0.01837733506169023, 0.019464879852034513, 0.00923446655961251, 0.015048519395708294, 0.016865392829452014, 0.012170333694746288, 0.019850960801974696, 0.010567848240066036, 0.01571731745562822, 0.04144863108908917, 0.008382602076825419, 0.004501722742436096, 0.023109520239707, 0.013544158586800624, 0.015751211611586134, 0.030913766837106837, 0.012901485992096291, 0.011887748664400786, 0.012907705284196422, 0.017322955998720562, 0.011855993203345268, 0.018508780569639494, 0.018293608324602556], "strategy_time": 69.65566907374286, "warnings": {"AvoidedLossSurgeWarning": 81.62857142857143, "NumericalWarning": 24.457142857142856, "NotPSDTrainingWarning": 0.08571428571428572, "NaNTrainingWarning": 0.7142857142857143, "NotPSDPredictionWarning": 0.08571428571428572, "NaNPredictionWarning": 0.7142857142857143, "ResetModelWarning": 1.0285714285714285, "MultipleMinimaWarning": 0.0}},
"220,1e-07": {"max_fevals": 220, "minimum_std": 1e-07, "time": 0.01499666367918478, "times": [0.03615512690198175, 0.014108331144574804, 0.012911170264525611, 0.008826154063109782, 0.010682612135424865, 0.015176374462008542, 0.02085163470214986, 0.015227420549360772, 0.0076800546176842436, 0.013520996117312063, 0.022887348538340374, 0.01106929974382869, 0.01611942267408109, 0.01325170356146052, 0.005487311320847452, 0.01425550016005605, 0.00507457601433959, 0.007996932582750398, 0.01816053548147724, 0.011720804980871642, 0.009583201260444357, 0.013463921233743908, 0.01836328596882492, 0.018252766237807024, 0.008127302584148025, 0.019083082865403143, 0.011850513257736763, 0.02419287278281368, 0.01848295451258475, 0.010678053970973727, 0.0267951442158124, 0.026120177125169286, 0.017354004473437688, 0.01210528929394477, 0.00926734897243751], "strategy_time": 71.9879343774, "warnings": {"AvoidedLossSurgeWarning": 68.57142857142857, "NumericalWarning": 7.828571428571428, "NotPSDTrainingWarning": 0.02857142857142857, "NaNTrainingWarning": 0.34285714285714286, "NotPSDPredictionWarning": 0.02857142857142857, "NaNPredictionWarning": 0.34285714285714286, "ResetModelWarning": 0.9142857142857143, "MultipleMinimaWarning": 0.0}},
"220,1e-08": {"max_fevals": 220, "minimum_std": 1e-08, "time": 0.011285215255599548, "times": [0.003140718899982197, 0.006971096347394717, 0.012394592477367987, 0.008378754452749352, 0.009499360644015872, 0.0037052456228458402, 0.010778625553419836, 0.016827985582218378, 0.019691768393745177, 0.030156535496662775, 0.009120497400431958, 0.019854809872263925, 0.01534606494097687, 0.006544577606134055, 0.007701612782930742, 0.005979792343426858, 0.015432318056920608, 0.00586453347444027, 0.024701014334567072, 0.015169848599079626, 0.010093253193927757, 0.00440649898785581, 0.004266658851266746, 0.01249573724466362, 0.012572192056979209, 0.01530436164128828, 0.0130098470495873, 0.009219846096402019, 0.006511673999232258, 0.010007008095904962, 0.006503585020108986, 0.007386797565837942, 0.020611048937491754, 0.012042804518940723, 0.003291467804922673], "strategy_time": 70.6085602774, "warnings": {"AvoidedLossSurgeWarning": 58.74285714285714, "NumericalWarning": 5.2, "NotPSDTrainingWarning": 0.05714285714285714, "NaNTrainingWarning": 0.2857142857142857, "NotPSDPredictionWarning": 0.05714285714285714, "NaNPredictionWarning": 0.3142857142857143, "ResetModelWarning": 0.6857142857142857, "MultipleMinimaWarning": 0.0}},
"220,1e-09": {"max_fevals": 220, "minimum_std": 1e-09, "time": 0.011732411334764109, "times": [0.009546588425867692, 0.006284607944741609, 0.011185926834273338, 0.025051268431063773, 0.01840106787430718, 0.005717421101375842, 0.01292711756629626, 0.007197626348441279, 0.00407863411956147, 0.011278818356405929, 0.010436811683835685, 0.011155450287888904, 0.011328355946782777, 0.005502300159086262, 0.013839237234981545, 0.004903970353950105, 0.01800437905583589, 0.01891106261425589, 0.00999152230246221, 0.010090579389648288, 0.006180674199794861, 0.015064644609482666, 0.01851267394520617, 0.012812416163588242, 0.008340751798910678, 0.008625457950384394, 0.005832766277320889, 0.01250039844808627, 0.01766069234683598, 0.01466977002759097, 0.014090141847465853, 0.017546496182974772, 0.011431278610788681, 0.009468936284897188, 0.012064551992354261], "strategy_time": 73.19509282494286, "warnings": {"AvoidedLossSurgeWarning": 65.08571428571429, "NumericalWarning": 8.428571428571429, "NotPSDTrainingWarning": 0.08571428571428572, "NaNTrainingWarning": 0.8, "NotPSDPredictionWarning": 0.08571428571428572, "NaNPredictionWarning": 0.8, "ResetModelWarning": 1.6571428571428573, "MultipleMinimaWarning": 0.0}},
"220,1e-10": {"max_fevals": 220, "minimum_std": 1e-10, "time": 0.014727427179267547, "times": [0.01093149626815332, 0.00990353129126822, 0.015099423291775466, 0.013667715253440441, 0.017329293455658874, 0.008987536665149653, 0.011848077637755425, 0.008778414851564392, 0.009524716004682994, 0.009934661190661451, 0.022144649175193324, 0.01205206285026881, 0.01270306721127344, 0.012141457624833324, 0.0157108185835639, 0.008585010068521248, 0.016068357804840217, 0.022114428132529836, 0.016492771620562403, 0.008693345904843679, 0.08801603767633141, 0.006250945307457995, 0.008813424958959976, 0.009139752716364523, 0.013300119382176059, 0.02467082721389491, 0.0069334914932311096, 0.012570747424433695, 0.011128232194913297, 0.010159948687665525, 0.019588824714419632, 0.01516998831415014, 0.008032650112355799, 0.009963968796907058, 0.009010157394562615], "strategy_time": 72.27315258691428, "warnings": {"AvoidedLossSurgeWarning": 62.05714285714286, "NumericalWarning": 16.0, "NotPSDTrainingWarning": 0.2, "NaNTrainingWarning": 2.057142857142857, "NotPSDPredictionWarning": 0.2, "NaNPredictionWarning": 2.057142857142857, "ResetModelWarning": 3.857142857142857, "MultipleMinimaWarning": 3.2857142857142856}}}
}