{
"device_name": "arm",
"kernel_name": "bootstrap_hyperparamtuning_kernel",
"tune_params_keys": [
"max_fevals",
"precision",
"minimum_std"
],
"tune_params": {
"max_fevals": [
220
],
"precision": [
"float",
"double"
],
"minimum_std": [
0.001,
1e-06,
1e-09,
1e-12
]
},
"cache": {
"220,float,0.001": {"max_fevals": 220, "precision": "float", "minimum_std": 0.001, "time": 0.014127464666175508, "times": [0.011114347747462968, 0.010686993593482094, 0.0167878573766655, 0.010958489555932866, 0.013315186305127279, 0.011658264449174104, 0.013904376729769108, 0.014811940867847278, 0.007420578674867351, 0.012168040045534172, 0.011426383158494405, 0.057109103918248166, 0.013983014499840641, 0.02213549771775544, 0.008932265572912922, 0.017015914432633745, 0.01308068368170816, 0.010076874359454037, 0.017251976505208762, 0.006335193215092659, 0.01624928896731839, 0.020048616093887518, 0.0161287588374191, 0.011233474245126685, 0.004442792691443748, 0.013237897215658309, 0.017289908333484077, 0.009576373353685877, 0.008889956668899829, 0.009969606951038924, 0.015048103012276597, 0.009082650413000465, 0.018421065629491713, 0.014880862379058016, 0.009788926117141779], "strategy_time": 68.91944267619999, "warnings": {"AvoidedLossSurgeWarning": 43.457142857142856, "NumericalWarning": 13.085714285714285, "NotPSDTrainingWarning": 0.02857142857142857, "NaNTrainingWarning": 0.37142857142857144, "NotPSDPredictionWarning": 0.02857142857142857, "NaNPredictionWarning": 0.37142857142857144, "ResetModelWarning": 1.0571428571428572, "MultipleMinimaWarning": 0.08571428571428572}},
"220,float,1e-06": {"max_fevals": 220, "precision": "float", "minimum_std": 1e-06, "time": 0.012315280004170983, "times": [0.013592339293612416, 0.013937439022241751, 0.005926377540361846, 0.02659461541334082, 0.008264413776637293, 0.014229996589148452, 0.010841668927721102, 0.015629340460676072, 0.010086561206005306, 0.006884342894354093, 0.01092293102820141, 0.012430761397464725, 0.013870761440860975, 0.01237962435509298, 0.0010934186054982196, 0.007419763287426331, 0.016583370810667568, 0.02334447614005559, 0.013452884442542853, 0.009269876160613234, 0.009642214551215176, 0.01675667550139123, 0.007240211198777559, 0.006021870708411267, 0.02276977326763222, 0.009767706315517417, 0.013202917133404574, 0.012781529065724535, 0.012268764713536365, 0.020393579629073854, 0.010802074696058312, 0.009098829609109252, 0.006373638891274136, 0.013607114831221455, 0.013552937241114005], "strategy_time": 66.1882397392857, "warnings": {"AvoidedLossSurgeWarning": 63.91428571428571, "NumericalWarning": 20.8, "NotPSDTrainingWarning": 0.02857142857142857, "NaNTrainingWarning": 0.37142857142857144, "NotPSDPredictionWarning": 0.02857142857142857, "NaNPredictionWarning": 0.37142857142857144, "ResetModelWarning": 1.6857142857142857, "MultipleMinimaWarning": 0.0}},
"220,float,1e-09": {"max_fevals": 220, "precision": "float", "minimum_std": 1e-09, "time": 0.012684683037054128, "times": [0.008159045127615045, 0.011011474425035405, 0.019344825221535907, 0.024926265969611703, 0.020452002334910263, 0.014641521726274557, 0.02298963731313608, 0.008298188546390988, 0.012413870673962017, 0.010399538431511, 0.010529275749977607, 0.01109272388195877, 0.012842943947558897, 0.007502878482750775, 0.015763896810004157, 0.01159695188385526, 0.006169486983099906, 0.009587795713576, 0.005075905687793905, 0.008275587051151797, 0.005533780988333782, 0.010831204134736663, 0.006387271557540597, 0.019140305565160817, 0.016012162101959448, 0.014623948196151211, 0.016358004452999654, 0.013648747796947169, 0.007998580283568478, 0.00529329292377378, 0.016471225558721714, 0.009109427827626696, 0.026949435399527207, 0.006558068690776721, 0.01797463485736053], "strategy_time": 66.14627794268571, "warnings": {"AvoidedLossSurgeWarning": 67.11428571428571, "NumericalWarning": 35.02857142857143, "NotPSDTrainingWarning": 0.17142857142857143, "NaNTrainingWarning": 0.9714285714285714, "NotPSDPredictionWarning": 0.17142857142857143, "NaNPredictionWarning": 0.9428571428571428, "ResetModelWarning": 2.6857142857142855, "MultipleMinimaWarning": 0.0}},
"220,float,1e-12": {"max_fevals": 220, "precision": "float", "minimum_std": 1e-12, "time": 0.013656401369317719, "times": [0.023799499075817642, 0.014470868490539407, 0.013048878601145522, 0.009815259524617174, 0.016532328478089654, 0.01728570852775153, 0.006386346544340098, 0.012444259780957976, 0.012967852452606255, 0.016419739099158528, 0.013827920303445042, 0.015254459381071658, 0.01715610614124231, 0.009416324820289814, 0.002355892537076606, 0.013454826763043748, 0.010649336666283949, 0.0019459242761767092, 0.02272869417842327, 0.008397273764983922, 0.018999165681215336, 0.02406045597579978, 0.008110349353547059, 0.022668986720721165, 0.013534129182638485, 0.016645885192029346, 0.0074891792529672594, 0.01607411435051204, 0.022698591061052972, 0.009659069384229328, 0.009824299824649848, 0.016500701422212796, 0.009725349028693321, 0.008940742191058698, 0.014685529897731864], "strategy_time": 62.67120616305716, "warnings": {"AvoidedLossSurgeWarning": 68.37142857142857, "NumericalWarning": 18.885714285714286, "NotPSDTrainingWarning": 0.08571428571428572, "NaNTrainingWarning": 0.7428571428571429, "NotPSDPredictionWarning": 0.08571428571428572, "NaNPredictionWarning": 0.7714285714285715, "ResetModelWarning": 1.9428571428571428, "MultipleMinimaWarning": 0.0}},
"220,double,0.001": {"max_fevals": 220, "precision": "double", "minimum_std": 0.001, "time": 0.015258426945089852, "times": [0.04379308765353574, 0.013942081382662412, 0.016027563355209173, 0.03344902071583855, 0.00955942539306223, 0.011458641184556513, 0.02194881841074609, 0.014668581358561245, 0.03606080927276656, 0.003543563781071087, 0.03552654155287222, 0.017155878517447046, 0.029286594654944403, 0.011951611586635996, 0.013487646340806736, 0.007726925690453693, 0.012278737761712413, 0.013451221759944195, 0.02158552336102811, 0.006731123982827578, 0.01057431477505396, 0.009873691309096698, 0.009911832293101724, 0.010726643169113759, 0.006604272699214351, 0.011531783188650462, 0.011359244173213897, 0.016197618301492887, 0.005832188353281369, 0.00950166011910365, 0.012812401126967658, 0.011402129760536221, 0.01267885729264953, 0.00786501846447857, 0.013539890335508058], "strategy_time": 100.6529532155143, "warnings": {"AvoidedLossSurgeWarning": 29.714285714285715, "NumericalWarning": 0.0, "NotPSDTrainingWarning": 0.0, "NaNTrainingWarning": 0.2571428571428571, "NotPSDPredictionWarning": 0.0, "NaNPredictionWarning": 0.2571428571428571, "ResetModelWarning": 1.1142857142857143, "MultipleMinimaWarning": 0.0}},
"220,double,1e-06": {"max_fevals": 220, "precision": "double", "minimum_std": 1e-06, "time": 0.014045177457664417, "times": [0.014649575830696515, 0.013493617268685115, 0.008534046631488346, 0.021024005894832026, 0.02414707122520852, 0.00931189685248244, 0.00833288892096056, 0.011516812345864881, 0.013614245962162893, 0.005544534351015019, 0.010601415828788962, 0.010820016742775433, 0.00799509910101558, 0.010868167960605454, 0.014672714743403389, 0.06709480752518181, 0.016015829457017062, 0.013282376184624653, 0.007524256725771558, 0.015067283266585381, 0.008036748918822072, 0.008540245270869813, 0.015449533313288952, 0.01672280992842209, 0.011482554379111365, 0.009691190499102475, 0.0157683520962618, 0.011711772674485815, 0.0137751603613445, 0.023395743315171153, 0.01406577874677696, 0.007414318087959331, 0.008804755769437988, 0.0087342776248566, 0.01387730721317814], "strategy_time": 99.43005548808571, "warnings": {"AvoidedLossSurgeWarning": 65.82857142857142, "NumericalWarning": 0.0, "NotPSDTrainingWarning": 0.0, "NaNTrainingWarning": 0.22857142857142856, "NotPSDPredictionWarning": 0.0, "NaNPredictionWarning": 0.22857142857142856, "ResetModelWarning": 0.5428571428571428, "MultipleMinimaWarning": 0.0}},
"220,double,1e-09": {"max_fevals": 220, "precision": "double", "minimum_std": 1e-09, "time": 0.015175337135474335,